alter session set nls_date_format='DD-MON-YYYY';
alter session set nls_language='english';

drop table SCHEDULE_T;
drop table PLAYER_T;
drop table TEAM_T;
drop table STADIUM_T;

CREATE TABLE STADIUM_T (
	STADIUM_ID    CHAR(3) NOT NULL,
	STADIUM_NAME  VARCHAR2(30) NOT NULL,
	HOMETEAM_ID   CHAR(3),
	SEAT_COUNT    NUMBER,
	ADDRESS     VARCHAR2(60),
	DDD         VARCHAR2(3),
	TEL         VARCHAR2(10),
	CONSTRAINT STADIUM_T_PK PRIMARY KEY (STADIUM_ID)
);

CREATE TABLE TEAM_T (
TEAM_ID     CHAR(3) NOT NULL,
REGION_NAME VARCHAR2(9) NOT NULL,
TEAM_NAME   VARCHAR2(20) NOT NULL,
E_TEAM_NAME VARCHAR2(50),
ORIG_YYYY   CHAR(4),
STADIUM_ID  CHAR(3) NOT NULL,
ZIP_CODE1   CHAR(3),
ZIP_CODE2   CHAR(3),
ADDRESS     VARCHAR2(100),
DDD         VARCHAR2(3),
TEL         VARCHAR2(10),
FAX         VARCHAR2(10),
HOMEPAGE    VARCHAR2(50),
OWNER       VARCHAR2(10),
CONSTRAINT TEAM_T_PK PRIMARY KEY (TEAM_ID),
CONSTRAINT TEAM_T_FK FOREIGN KEY (STADIUM_ID) REFERENCES STADIUM_T(STADIUM_ID)
);

CREATE TABLE PLAYER_T (
	PLAYER_ID     CHAR(7) NOT NULL,
	PLAYER_NAME   VARCHAR2(20) NOT NULL,
	TEAM_ID       CHAR(3) NOT NULL,
	E_PLAYER_NAME VARCHAR2(40),
	NICKNAME      VARCHAR2(30),
	JOIN_YYYY     CHAR(4),
	POSITION      VARCHAR2(10),
	BACK_NO       NUMBER(2),
	NATION        VARCHAR2(20),
	BIRTH         DATE,
	SOLAR         CHAR(1),
	HEIGHT        NUMBER(3),
	WEIGHT        NUMBER(3),
	CONSTRAINT PLAYER_T_PK PRIMARY KEY (PLAYER_ID),
	CONSTRAINT PLAYER_T_FK FOREIGN KEY (TEAM_ID) REFERENCES TEAM_T(TEAM_ID)
);

CREATE TABLE SCHEDULE_T (
	GUBUN        CHAR(1) NOT NULL,
	STADIUM_ID   VARCHAR2(5) NOT NULL,
	SCHE_DATE    CHAR(8) NOT NULL,
	HOMETEAM_ID  CHAR(3) NOT NULL,
	AWAYTEAM_ID  CHAR(3) NOT NULL,
	HOME_SCORE   NUMBER(2),
	AWAY_SCORE   NUMBER(2),
	CONSTRAINT SCHEDULE_T_PK PRIMARY KEY (GUBUN, STADIUM_ID, SCHE_DATE)
);

INSERT INTO stadium_t VALUES ('E01','한밭종합운동장','K10',30000,'대전 광역시 중구 부사동 162-1','042','221-2002');
INSERT INTO stadium_t VALUES ('C02','부산구장','K06',30000,'부산광역시 서구 서대신동 3가 210번지','051','247-5771');
INSERT INTO stadium_t VALUES ('B01','부천구장','K04',35000,'부천시 원미구 춘의동 산 19번지','031','666-0496');
INSERT INTO stadium_t VALUES ('B02','성남구장','K08',27000,'성남시 중원구 성남동 3110번지','031','753-3956');
INSERT INTO stadium_t VALUES ('B04','수원월드컵구장','K02',50000,'수원시 팔달구 우만1동 228번지','031','259-2150');
INSERT INTO stadium_t VALUES ('B05','안양구장','K09',22500,'경기도 동안구 비산3동 1025번지','031','380-7212');
INSERT INTO stadium_t VALUES ('C04','울산문수구장','K01',46102,'울산광역시 남구 옥산 산5번지 울산체육공원','052','220-');
INSERT INTO stadium_t VALUES ('D01','전남구장','K07',20009,'전남 광양시 금호동 700','061','792-5600');
INSERT INTO stadium_t VALUES ('D03','전북구장','K05',28000,'전북 덕진구 덕진동 1가 1220','063','273-1763');
INSERT INTO stadium_t VALUES ('C06','포항구장','K03',25000,'경북 포항시 남구 괴동 1번지','054','282-2002');
INSERT INTO stadium_t VALUES ('B03','수원구장','','','경기도 수원시','','');
INSERT INTO stadium_t VALUES ('C01','김천구장','','','경북 김천시','','');
INSERT INTO stadium_t VALUES ('C03','울산구장','','','울산광역시','','');
INSERT INTO stadium_t VALUES ('C05','창원구장','','','경남 창원시','','');
INSERT INTO stadium_t VALUES ('D02','전주구장','','','전북 전주시','','');
INSERT INTO stadium_t VALUES ('E02','대전월드컵구장','',41000,'대전광역시 유성구 노은동 270번지','','');
INSERT INTO stadium_t VALUES ('A01','서울 월드컵경기장','',63930,'','','');

INSERT INTO team_t VALUES ('K10','대전','시티즌','TAEJON CITIZEN','1997','E02','301','030',
'대전광역시 중구 부사동 162-1 한밭운동장 내 ','42','252-2002','221-0669','http://www.tcfc.co.kr','');
INSERT INTO team_t VALUES ('K06','부산','아이콘스','BUSAN ICONS','1983','C02','57 ','050',
'부산시 동래구 수안동 1-11번지 대신증권 B/D 9층','51','555-7101','555-7103','http://www.busanicons/co.kr','');
INSERT INTO team_t VALUES ('K04','부천','SK','BUCHEON SK','1982','B01','110','728',
'서울 종로구 서린동 99번지 SK 빌딩 3층','2','2121-5271','2121-5276','http://www.skfc.com','');
INSERT INTO team_t VALUES ('K08','성남','일화천마','SEONGNAM ILHWA','1989','B02','462',
'130','경기도 성남시 중원구 성남동 3110번지 성남종합운동장 내','31','753-3956','753-4443','http://www.seongnamilhwafc.co.kr','');
INSERT INTO team_t VALUES ('K02','수원','삼성블루윙즈','SUWON SAMSUNG BLUEWINGS','1995','B04','440','220',
'수원시 장안구 조원동 601-1 수원시체육회관 3층','31','247-2002','257-0766','http://www.fcbluewings.com','');
INSERT INTO team_t VALUES ('K09','안양','LG치타스','ANYANG LG ','1983','B05','138','221',
'서울 송파구 잠실1동 10번지 종합운동장 내','2','2005-5746','2005-5802','http://www.lgfootball.com','');
INSERT INTO team_t VALUES ('K01','울산','현대호랑이','ULSAN HYUNDAI HORANGI','1983','C04','682','060',
'울산광역시 동구 전하동 1번지','52','230-6141','230-6145','http://www.horanifc.co.kr','');
INSERT INTO team_t VALUES ('K07','전남','드래곤즈','CHUNNAM DRAGONS','1994','D01','544','010',
'전남 동광양시 중동 1318-2번지 산업은행 B/D 5층','61','792-5600','792-5605','http://www.dragons.co.kr','');
INSERT INTO team_t VALUES ('K05','전북','현대모터스','CHUNBUK HYUNDAI MOTORS','1994','D03','560','190',
'전북 전주시 덕진구 덕진동 1가 1220번지','63','273-1763','273-1762','http://www.hyundai-motors.com','');
INSERT INTO team_t VALUES ('K03','포항','스틸러스','POHANG STEELERS','1973','C06','790','050',
'경북 포항시 죽도동 645-1 삼일 B/D 6층','54','282-2002','282-5955','http://www.steelers.co.kr','');

INSERT INTO player_t VALUES ('1999174','우르모브','K06','','','1999','DF','4','유고',TO_DATE('30-AUG-1977','DD_MON_YYYY'),'1','180','70');
INSERT INTO player_t VALUES ('1997188','윤희준','K06','','','1995','DF','15','',TO_DATE('01-NOV-1972','DD_MON_YYYY'),'1','180','74');
INSERT INTO player_t VALUES ('2002073','이규호','K06','','','2001','DF','23','',TO_DATE('13-JUL-1979','DD_MON_YYYY'),'1','177','72');
INSERT INTO player_t VALUES ('1997178','이민성','K06','','','','DF','20','',TO_DATE('23-JUN-1973','DD_MON_YYYY'),'1','182','73');
INSERT INTO player_t VALUES ('1997191','이장관','K06','','배추도사,작은삼손','1997','DF','18','',TO_DATE('05-JUN-1974','DD_MON_YYYY'),'2','170','61');
INSERT INTO player_t VALUES ('1998384','이정효','K06','','깜둥이,통키통','1998','DF','19','',TO_DATE('23-JUL-1975','DD_MON_YYYY'),'2','174','68');
INSERT INTO player_t VALUES ('1998395','장대일','K06','','달구','2000','DF','7','',TO_DATE('09-MAR-1975','DD_MON_YYYY'),'2','184','79');
INSERT INTO player_t VALUES ('2001050','정상수','K06','','꼬마홍길동','2001','DF','36','',TO_DATE('14-JUN-1978','DD_MON_YYYY'),'1','173','65');
INSERT INTO player_t VALUES ('1997189','김재영','K06','','제리','1996','MF','6','',TO_DATE('02-SEP-1973','DD_MON_YYYY'),'2','187','75');
INSERT INTO player_t VALUES ('2001049','김태민','K06','','킹카','2001','MF','38','',TO_DATE('25-MAY-1982','DD_MON_YYYY'),'1','180','71');
INSERT INTO player_t VALUES ('2000107','김현우','K06','','','2000','MF','37','',TO_DATE('04-JUN-1981','DD_MON_YYYY'),'1','178','70');
INSERT INTO player_t VALUES ('2001043','송종국','K06','','썰렁왕자','2001','MF','24','',TO_DATE('20-FEB-1979','DD_MON_YYYY'),'1','177','73');
INSERT INTO player_t VALUES ('2001044','오정석','K06','','서경석','2001','MF','13','',TO_DATE('08-SEP-1978','DD_MON_YYYY'),'1','178','74');
INSERT INTO player_t VALUES ('2002137','이고르','K06','이골 실바 데 페리이따스','이골','2002','MF','21','브라질',TO_DATE('25-OCT-1979','DD_MON_YYYY'),'1','181','76');
INSERT INTO player_t VALUES ('1997199','이용하','K06','','용식이','1997','MF','26','',TO_DATE('15-DEC-1973','DD_MON_YYYY'),'2','173','66');
INSERT INTO player_t VALUES ('2002072','전상배','K06','','','2002','MF','14','',TO_DATE('22-MAR-1979','DD_MON_YYYY'),'1','176','67');
INSERT INTO player_t VALUES ('1999038','전우근','K06','','에너자이져','1999','MF','11','',TO_DATE('25-FEB-1977','DD_MON_YYYY'),'2','175','68');
INSERT INTO player_t VALUES ('1998365','최태성','K06','','','2001','MF','30','',TO_DATE('16-JUN-1977','DD_MON_YYYY'),'1','177','64');
INSERT INTO player_t VALUES ('2001047','황철민','K06','','사다리맨','2001','MF','35','',TO_DATE('20-NOV-1978','DD_MON_YYYY'),'1','175','68');
INSERT INTO player_t VALUES ('1998235','김관규','K06','','','','FW','39','',TO_DATE('10-OCT-1976','DD_MON_YYYY'),'1','178','71');
INSERT INTO player_t VALUES ('2001048','김기종','K06','','','2001','FW','25','',TO_DATE('22-MAY-1975','DD_MON_YYYY'),'1','182','78');
INSERT INTO player_t VALUES ('2002074','김창오','K06','','임땡','2002','FW','27','',TO_DATE('10-JAN-1978','DD_MON_YYYY'),'1','186','82');
INSERT INTO player_t VALUES ('2002127','디디','K06','Sebastiao Pereira do Nascimento','','2002','FW','8','브라질',TO_DATE('24-FEB-1976','DD_MON_YYYY'),'1','179','78');
INSERT INTO player_t VALUES ('1997182','마니치','K06','','바람의 아들','1996','FW','9','',TO_DATE('16-JAN-1972','DD_MON_YYYY'),'2','184','80');
INSERT INTO player_t VALUES ('1997195','우성용','K06','','따따','1996','FW','22','',TO_DATE('18-AUG-1973','DD_MON_YYYY'),'2','191','76');
INSERT INTO player_t VALUES ('2000103','장기봉','K06','','짝팔','2000','FW','12','',TO_DATE('08-JUL-1977','DD_MON_YYYY'),'1','180','71');
INSERT INTO player_t VALUES ('2002075','최광수','K06','','','2002','FW','29','',TO_DATE('25-SEP-1979','DD_MON_YYYY'),'1','177','73');
INSERT INTO player_t VALUES ('2000087','하리','K06','','','2000','FW','10','콜롬비아',TO_DATE('14-MAY-1974','DD_MON_YYYY'),'1','168','65');
INSERT INTO player_t VALUES ('1900017','정상남','K06','','','1998','FW','32','',TO_DATE('07-SEP-1975','DD_MON_YYYY'),'2','188','80');
INSERT INTO player_t VALUES ('1900018','빅토르','K06','','빅토르','2001','FW','28','나이지리아',TO_DATE('05-JAN-1975','DD_MON_YYYY'),'1','183','79');
INSERT INTO player_t VALUES ('1900021','최윤겸','K04','CHOI, YOONGYUM','','1985','TM','','',TO_DATE('','DD_MON_YYYY'),'','178','80');
INSERT INTO player_t VALUES ('1900022','하재훈','K04','HA, JAEHON','','1986','TC','','',TO_DATE('','DD_MON_YYYY'),'','174','67');
INSERT INTO player_t VALUES ('1900023','이충호','K04','LEE, CHUNGHO','','1999','TC','','',TO_DATE('','DD_MON_YYYY'),'','185','83');
INSERT INTO player_t VALUES ('1900024','임기한','K04','LIM, GIHAN','','1994','TC','','',TO_DATE('','DD_MON_YYYY'),'','177','85');
INSERT INTO player_t VALUES ('1900025','이경태','K04','LEE, KYOUNGTAE','','','TD','','',TO_DATE('','DD_MON_YYYY'),'','','');
INSERT INTO player_t VALUES ('2002054','남현우','K04','','','','GK','31','',TO_DATE('20-APR-1979','DD_MON_YYYY'),'2','180','72');
INSERT INTO player_t VALUES ('1998499','이충호','K04','','','','GK','60','',TO_DATE('04-JUL-1968','DD_MON_YYYY'),'2','185','83');
INSERT INTO player_t VALUES ('2001021','최현','K04','','','','GK','1','',TO_DATE('07-NOV-1978','DD_MON_YYYY'),'2','192','85');
INSERT INTO player_t VALUES ('2002052','한동진','K04','','','','GK','21','',TO_DATE('25-AUG-1979','DD_MON_YYYY'),'2','183','78');
INSERT INTO player_t VALUES ('2002126','다오','K04','','','','DF','61','',TO_DATE('25-SEP-1982','DD_MON_YYYY'),'2','190','80');
INSERT INTO player_t VALUES ('1998182','박철','K04','','','','DF','15','',TO_DATE('20-AUG-1973','DD_MON_YYYY'),'2','176','77');
INSERT INTO player_t VALUES ('2000112','송창남','K04','','','','DF','23','',TO_DATE('31-DEC-1977','DD_MON_YYYY'),'2','175','67');
INSERT INTO player_t VALUES ('1998424','신승호','K04','','','','DF','2','',TO_DATE('13-MAY-1975','DD_MON_YYYY'),'2','179','70');
INSERT INTO player_t VALUES ('1998450','윤중희','K04','','','','DF','5','',TO_DATE('08-DEC-1975','DD_MON_YYYY'),'1','177','75');
INSERT INTO player_t VALUES ('2001022','이범직','K04','','','','DF','25','',TO_DATE('11-FEB-1979','DD_MON_YYYY'),'1','182','75');
INSERT INTO player_t VALUES ('2002053','이상홍','K04','','','','DF','30','',TO_DATE('04-FEB-1979','DD_MON_YYYY'),'1','178','68');
INSERT INTO player_t VALUES ('1900001','이태호','K10','','','','TM','','',TO_DATE('29-JAN-1961','DD_MON_YYYY'),'1','','');
INSERT INTO player_t VALUES ('1900002','김상수','K10','KIM, SAMSOO','','','TC','','',TO_DATE('08-FEB-1963','DD_MON_YYYY'),'1','','');
INSERT INTO player_t VALUES ('1900003','유동우','K10','YOO, DONGWOO','','','TC','40','',TO_DATE('07-MAR-1968','DD_MON_YYYY'),'1','177','70');
INSERT INTO player_t VALUES ('1900004','전기현','K10','JEON, GIHYUN','','','TD','','',TO_DATE('06-JUN-1965','DD_MON_YYYY'),'1','','');
INSERT INTO player_t VALUES ('2002047','강성일','K10','KANG, SUNGIL','','2002','GK','30','',TO_DATE('04-JUN-1979','DD_MON_YYYY'),'1','182','80');
INSERT INTO player_t VALUES ('2000057','이승준','K10','LEE, SEUNGJUN','개구멍','2000','GK','1','',TO_DATE('01-SEP-1972','DD_MON_YYYY'),'1','183','77');
INSERT INTO player_t VALUES ('1997298','최은성','K10','CHOI, EUNSUNG','수호천황','1997','GK','21','',TO_DATE('05-APR-1971','DD_MON_YYYY'),'1','184','82');
INSERT INTO player_t VALUES ('1997312','김대수','K10','KIM, DAESOO','','1997','DF','15','',TO_DATE('20-MAR-1975','DD_MON_YYYY'),'1','184','74');
INSERT INTO player_t VALUES ('2002051','김민기','K10','','','','DF','3','',TO_DATE('25-APR-1978','DD_MON_YYYY'),'1','171','65');
INSERT INTO player_t VALUES ('2000110','김성근','K10','KIM, SUNGKEUN','','2000','DF','33','',TO_DATE('20-JUN-1977','DD_MON_YYYY'),'1','180','73');
INSERT INTO player_t VALUES ('2001098','김영근','K10','KIM, YOUNGKWEN','','2001','DF','5','',TO_DATE('12-OCT-1978','DD_MON_YYYY'),'1','180','70');
INSERT INTO player_t VALUES ('1997301','김정수','K10','KIM, JUNGSOO','','1977','DF','36','',TO_DATE('17-JAN-1975','DD_MON_YYYY'),'2','180','74');
INSERT INTO player_t VALUES ('1997309','이창엽','K10','LEE, CHANGYUP','','1997','DF','6','',TO_DATE('19-NOV-1974','DD_MON_YYYY'),'2','174','64');
INSERT INTO player_t VALUES ('1997299','장철우','K10','JANG, CHULWOO','폭주기관차','2000','DF','7','',TO_DATE('01-APR-1971','DD_MON_YYYY'),'2','172','65');
INSERT INTO player_t VALUES ('2001116','콜리','K10','OMAR PAPA COLY','검은낙타(Black Camel)','2001','DF','29','세네갈',TO_DATE('20-MAY-1975','DD_MON_YYYY'),'1','182','75');
INSERT INTO player_t VALUES ('1997313','홍광철','K10','HONG, KWANGCHUL','','1997','DF','4','',TO_DATE('09-OCT-1974','DD_MON_YYYY'),'2','172','65');
INSERT INTO player_t VALUES ('1998461','강정훈','K10','KANG, JUNGHOON','','1998','MF','38','',TO_DATE('20-FEB-1976','DD_MON_YYYY'),'1','175','65');
INSERT INTO player_t VALUES ('1997306','공오균','K10','KONG, OHKYUN','CROW','1997','MF','22','',TO_DATE('10-AUG-1974','DD_MON_YYYY'),'2','177','72');
INSERT INTO player_t VALUES ('2002049','김국진','K10','KIM, KOOKJIN','','2002','MF','16','',TO_DATE('09-FEB-1978','DD_MON_YYYY'),'1','172','62');
INSERT INTO player_t VALUES ('2001099','김동선','K10','KIM, DONGSUN','','2001','MF','9','',TO_DATE('15-MAR-1978','DD_MON_YYYY'),'1','170','65');
INSERT INTO player_t VALUES ('2000109','박경규','K10','PARK, KUNGGUY','','2000','MF','10','',TO_DATE('10-MAR-1977','DD_MON_YYYY'),'1','177','72');
INSERT INTO player_t VALUES ('2000111','박내철','K10','PARK, RAECHEOL','','2000','MF','24','',TO_DATE('20-AUG-1977','DD_MON_YYYY'),'1','177','71');
INSERT INTO player_t VALUES ('2002048','배성재','K10','BAE, SUNGJAE','','2002','MF','28','',TO_DATE('01-JUL-1979','DD_MON_YYYY'),'1','178','74');
INSERT INTO player_t VALUES ('2002121','샴','K10','','','','MF','25','',TO_DATE('30-APR-1979','DD_MON_YYYY'),'1','174','69');
INSERT INTO player_t VALUES ('2002136','오비나','K10','','','','MF','26','',TO_DATE('03-JUN-1980','DD_MON_YYYY'),'1','169','70');
INSERT INTO player_t VALUES ('2000056','이관우','K10','LEE, KWANWOO','SIRIUS','2000','MF','8','',TO_DATE('25-FEB-1978','DD_MON_YYYY'),'1','175','69');
INSERT INTO player_t VALUES ('2002050','이광진','K10','LEE, KWANGJIN','','2002','MF','13','',TO_DATE('27-MAY-1972','DD_MON_YYYY'),'1','175','75');
INSERT INTO player_t VALUES ('2000113','이상규','K10','LEE, SANGKYU','','2000','MF','27','',TO_DATE('05-SEP-1977','DD_MON_YYYY'),'1','175','65');
INSERT INTO player_t VALUES ('1999151','임영주','K10','LIM, YOUNGJOO','','1999','MF','23','',TO_DATE('08-MAR-1976','DD_MON_YYYY'),'2','176','68');
INSERT INTO player_t VALUES ('2001101','정영훈','K10','JUNG, YOUNGHOON','','2001','MF','12','',TO_DATE('01-MAY-1975','DD_MON_YYYY'),'1','174','73');
INSERT INTO player_t VALUES ('1998178','한정국','K10','HAN, JUNGKOOK','','2001','MF','19','',TO_DATE('19-JUL-1971','DD_MON_YYYY'),'1','179','71');
INSERT INTO player_t VALUES ('2002046','김광선','K10','KIM, KWANGSUN','','2002','FW','32','',TO_DATE('17-JUN-1983','DD_MON_YYYY'),'1','175','68');
INSERT INTO player_t VALUES ('1997315','김은중','K10','KIM, EUNJUNG','샤프(SHARP)','1997','FW','18','',TO_DATE('08-APR-1979','DD_MON_YYYY'),'2','184','72');
INSERT INTO player_t VALUES ('1999152','김찬중','K10','KIM. CHANJOONG','','1999','FW','17','',TO_DATE('14-JUN-1976','DD_MON_YYYY'),'2','182','72');
INSERT INTO player_t VALUES ('2001032','이석','K10','LEE, SEOK','','2002','FW','20','',TO_DATE('01-FEB-1979','DD_MON_YYYY'),'1','194','85');
INSERT INTO player_t VALUES ('2001100','탁준석','K10','TAK, JUNSUK','','2001','FW','11','',TO_DATE('24-MAR-1978','DD_MON_YYYY'),'1','178','69');
INSERT INTO player_t VALUES ('1900011','김호곤','K06','','','2000','TM','','',TO_DATE('26-MAR-1951','DD_MON_YYYY'),'1','172','77');
INSERT INTO player_t VALUES ('1900012','박경훈','K06','','','','TC','','',TO_DATE('19-JAN-1961','DD_MON_YYYY'),'1','','');
INSERT INTO player_t VALUES ('1900013','김동훈','K06','','','2000','TC','','',TO_DATE('11-JUN-1965','DD_MON_YYYY'),'1','180','88');
INSERT INTO player_t VALUES ('1900014','김남표','K06','','','1995','TC','','',TO_DATE('27-JAN-1964','DD_MON_YYYY'),'2','180','77');
INSERT INTO player_t VALUES ('1900015','김광재','K06','','','1995','TD','','',TO_DATE('30-MAY-1968','DD_MON_YYYY'),'2','180','75');
INSERT INTO player_t VALUES ('1900016','권혁준','K06','','','1996','TD','','',TO_DATE('22-MAY-1970','DD_MON_YYYY'),'1','173','82');
INSERT INTO player_t VALUES ('2001052','김경진','K06','','임꺽정','2001','GK','41','',TO_DATE('07-FEB-1978','DD_MON_YYYY'),'2','186','78');
INSERT INTO player_t VALUES ('2002076','김용대','K06','','','2002','GK','40','',TO_DATE('11-OCT-1979','DD_MON_YYYY'),'1','189','83');
INSERT INTO player_t VALUES ('2000108','김지혁','K06','','','2000','GK','31','',TO_DATE('22-NOV-1981','DD_MON_YYYY'),'1','187','77');
INSERT INTO player_t VALUES ('2000059','정유석','K06','','터프가이','2000','GK','1','',TO_DATE('10-JUN-1977','DD_MON_YYYY'),'2','186','78');
INSERT INTO player_t VALUES ('2001053','김진우','K06','','터프가이','2001','DF','33','',TO_DATE('28-FEB-1983','DD_MON_YYYY'),'1','180','76');
INSERT INTO player_t VALUES ('1997185','김학철','K06','','','1995','DF','3','',TO_DATE('07-NOV-1972','DD_MON_YYYY'),'2','176','73');
INSERT INTO player_t VALUES ('1997193','류병훈','K06','','','1995','DF','17','',TO_DATE('03-JUL-1976','DD_MON_YYYY'),'2','184','68');
INSERT INTO player_t VALUES ('2001055','박준홍','K06','','말머리','2001','DF','2','',TO_DATE('13-APR-1978','DD_MON_YYYY'),'1','178','70');
INSERT INTO player_t VALUES ('2001046','서용혁','K06','','터프가이','2001','DF','34','',TO_DATE('02-JUL-1978','DD_MON_YYYY'),'1','183','79');
INSERT INTO player_t VALUES ('2000058','심재원','K06','','도날드 덕','2000','DF','5','',TO_DATE('11-MAR-1977','DD_MON_YYYY'),'1','184','77');
INSERT INTO player_t VALUES ('1997123','이임생','K04','','','','DF','20','',TO_DATE('17-NOV-1971','DD_MON_YYYY'),'1','183','80');
INSERT INTO player_t VALUES ('1997022','장형석','K04','','','','DF','36','',TO_DATE('07-JUL-1972','DD_MON_YYYY'),'1','181','72');
INSERT INTO player_t VALUES ('2002058','정진성','K04','','','','DF','35','',TO_DATE('10-AUG-1983','DD_MON_YYYY'),'1','184','76');
INSERT INTO player_t VALUES ('1999125','최거룩','K04','','','','DF','4','',TO_DATE('26-JUN-1976','DD_MON_YYYY'),'1','183','77');
INSERT INTO player_t VALUES ('2000001','최정민','K04','','','','DF','3','',TO_DATE('07-OCT-1977','DD_MON_YYYY'),'1','183','78');
INSERT INTO player_t VALUES ('2002134','페르난도','K04','','','','DF','44','',TO_DATE('24-FEB-1978','DD_MON_YYYY'),'1','178','74');
INSERT INTO player_t VALUES ('1900094','조무건','K03','CHO, MUGYUN','','','TC','','',TO_DATE('18-MAR-1961','DD_MON_YYYY'),'1','','');
INSERT INTO player_t VALUES ('1997001','김병지','K03','KIM, BYUNGJI','','2001','GK','1','',TO_DATE('08-APR-1970','DD_MON_YYYY'),'1','184','77');
INSERT INTO player_t VALUES ('2001069','박주호','K03','PARK, JUHO','','2001','GK','51','',TO_DATE('16-JUL-1982','DD_MON_YYYY'),'1','185','75');
INSERT INTO player_t VALUES ('1997130','이대희','K03','LEE, DAEHEE','','2000','GK','31','',TO_DATE('26-APR-1974','DD_MON_YYYY'),'1','192','88');
INSERT INTO player_t VALUES ('1999133','조준호','K03','CHO, JUNHO','','1999','GK','21','',TO_DATE('28-APR-1973','DD_MON_YYYY'),'1','185','77');
INSERT INTO player_t VALUES ('2001065','허인무','K03','HEO, INMOO','','2001','GK','41','',TO_DATE('14-APR-1978','DD_MON_YYYY'),'1','187','81');
INSERT INTO player_t VALUES ('2001056','강용','K03','KANG, YONG','','2001','DF','2','',TO_DATE('14-JAN-1979','DD_MON_YYYY'),'1','179','72');
INSERT INTO player_t VALUES ('1997080','고병운','K03','GO, BYUNGWOON','','1996','DF','16','',TO_DATE('28-SEP-1973','DD_MON_YYYY'),'1','180','73');
INSERT INTO player_t VALUES ('2002069','김광석','K03','KIM, KWANGSUK','','2002','DF','39','',TO_DATE('12-FEB-1983','DD_MON_YYYY'),'1','183','72');
INSERT INTO player_t VALUES ('1997002','김상훈','K03','KIM, SANGHUN','','1996','DF','13','',TO_DATE('08-JUN-1973','DD_MON_YYYY'),'1','183','76');
INSERT INTO player_t VALUES ('2002062','김석우','K03','KIM, SEOKWOO','','2002','DF','32','',TO_DATE('06-MAY-1983','DD_MON_YYYY'),'1','181','72');
INSERT INTO player_t VALUES ('1999139','김은석','K03','KIM, EUNSEOK','','1999','DF','5','',TO_DATE('14-MAR-1972','DD_MON_YYYY'),'1','185','80');
INSERT INTO player_t VALUES ('1999030','박민서','K03','PARK, MINSEO','','1999','DF','3','',TO_DATE('24-AUG-1976','DD_MON_YYYY'),'2','180','78');
INSERT INTO player_t VALUES ('2002064','성종현','K03','SUNG, JONGHUN','','2002','DF','34','',TO_DATE('02-APR-1979','DD_MON_YYYY'),'1','178','74');
INSERT INTO player_t VALUES ('1998468','싸빅','K03','Jasenko Sabitovic','','1997','DF','4','',TO_DATE('29-MAR-1973','DD_MON_YYYY'),'1','185','78');
INSERT INTO player_t VALUES ('1997277','오명관','K03','OH, MYUNGKWAN','','1998','DF','15','',TO_DATE('29-APR-1974','DD_MON_YYYY'),'1','185','76');
INSERT INTO player_t VALUES ('2002063','이동식','K03','LEE, DONGSIK','','2002','MF','33','',TO_DATE('15-MAR-1979','DD_MON_YYYY'),'1','183','77');
INSERT INTO player_t VALUES ('2002067','이수길','K03','LEE, SOOKIL','','2002','DF','37','',TO_DATE('09-APR-1979','DD_MON_YYYY'),'1','179','69');
INSERT INTO player_t VALUES ('1998444','이승엽','K03','LEE, SEUNGYUB','','1998','DF','12','',TO_DATE('12-OCT-1975','DD_MON_YYYY'),'1','180','74');
INSERT INTO player_t VALUES ('1997101','조종화','K03','','','','DF','25','',TO_DATE('04-APR-1974','DD_MON_YYYY'),'1','182','76');
INSERT INTO player_t VALUES ('1997190','하석주','K03','HA, SEOKJU','','2001','DF','17','',TO_DATE('20-FEB-1968','DD_MON_YYYY'),'1','174','71');
INSERT INTO player_t VALUES ('2000065','허제정','K03','HEO, JAEJUNG','','2000','DF','29','',TO_DATE('02-JUN-1977','DD_MON_YYYY'),'1','175','70');
INSERT INTO player_t VALUES ('1997096','홍명보','K03','HONG, MYUNGBO','','2002','DF','20','',TO_DATE('12-FEB-1969','DD_MON_YYYY'),'1','181','72');
INSERT INTO player_t VALUES ('1998472','김기남','K03','KIM, KINAM','','2000','MF','6','',TO_DATE('18-JAN-1971','DD_MON_YYYY'),'1','174','72');
INSERT INTO player_t VALUES ('2001059','김상록','K03','KIM, SANGROK','','2001','MF','14','',TO_DATE('25-FEB-1979','DD_MON_YYYY'),'1','173','63');
INSERT INTO player_t VALUES ('2001068','나희근','K03','NA, HEEKEUN','','2001','FW','22','',TO_DATE('05-MAY-1979','DD_MON_YYYY'),'1','178','72');
INSERT INTO player_t VALUES ('2002133','레오','K03','','','','MF','45','',TO_DATE('22-OCT-1974','DD_MON_YYYY'),'1','179','74');
INSERT INTO player_t VALUES ('2002124','메도','K03','Medvid Ivan','','2002','MF','44','',TO_DATE('13-OCT-1977','DD_MON_YYYY'),'1','180','78');
INSERT INTO player_t VALUES ('2002068','박길영','K03','PARK, KILYOUNG','','2002','MF','38','',TO_DATE('04-FEB-1980','DD_MON_YYYY'),'1','172','64');
INSERT INTO player_t VALUES ('1998203','박상인','K03','PARK, SANGIN','','1995','DF','27','',TO_DATE('10-MAR-1976','DD_MON_YYYY'),'1','174','63');
INSERT INTO player_t VALUES ('2001131','옐라','K03','Josko Jelicic','','2002','MF','8','',TO_DATE('05-JAN-1971','DD_MON_YYYY'),'1','184','79');
INSERT INTO player_t VALUES ('2001061','유현구','K03','YOU, HYUNGOO','','2001','MF','26','',TO_DATE('25-JAN-1983','DD_MON_YYYY'),'1','170','68');
INSERT INTO player_t VALUES ('1999033','이기부','K03','LEE, KIBU','','1999','MF','18','',TO_DATE('16-MAR-1976','DD_MON_YYYY'),'2','183','76');
INSERT INTO player_t VALUES ('2002070','이상인','K03','LEE, SANGIN','','2002','DF','40','',TO_DATE('11-JUL-1979','DD_MON_YYYY'),'1','178','70');
INSERT INTO player_t VALUES ('2001062','이정운','K03','LEE, JUNGWOON','','2001','MF','19','',TO_DATE('19-APR-1978','DD_MON_YYYY'),'1','178','70');
INSERT INTO player_t VALUES ('2002071','이중규','K03','LEE, JUNGJYU','','2002','MF','42','',TO_DATE('06-JUN-1979','DD_MON_YYYY'),'1','170','64');
INSERT INTO player_t VALUES ('2002066','이창호','K03','LEE, CHANGHO','','2002','MF','36','',TO_DATE('15-MAR-1981','DD_MON_YYYY'),'1','175','75');
INSERT INTO player_t VALUES ('2001063','최종범','K03','CHOI, JONGBUM','','2001','MF','24','',TO_DATE('27-MAR-1978','DD_MON_YYYY'),'1','178','68');
INSERT INTO player_t VALUES ('2002061','남익경','K03','NAM, IKKYUNG','','2002','MF','30','',TO_DATE('26-JAN-1983','DD_MON_YYYY'),'1','177','70');
INSERT INTO player_t VALUES ('2001064','윤보영','K03','YOON, BOYOUNG','','2001','FW','23','',TO_DATE('29-APR-1978','DD_MON_YYYY'),'1','177','63');
INSERT INTO player_t VALUES ('1998443','이동국','K03','LEE, DONGGOOK','','1998','FW','10','',TO_DATE('29-APR-1979','DD_MON_YYYY'),'1','185','80');
INSERT INTO player_t VALUES ('2002060','정종완','K03','JUNG, JONGWAN','','2002','DF','28','',TO_DATE('05-AUG-1983','DD_MON_YYYY'),'1','188','82');
INSERT INTO player_t VALUES ('2002059','조징요','K03','Jorge Claudio','','2001','FW','7','브라질',TO_DATE('01-OCT-1975','DD_MON_YYYY'),'1','174','70');
INSERT INTO player_t VALUES ('2000044','최철우','K03','CHOI, CHULWOO','','2000','FW','9','',TO_DATE('30-NOV-1977','DD_MON_YYYY'),'1','185','78');
INSERT INTO player_t VALUES ('2001057','코난','K03','Goram Petreski','','2000','FW','11','',TO_DATE('23-MAY-1972','DD_MON_YYYY'),'1','180','76');
INSERT INTO player_t VALUES ('1900095','김민규','K03','KIM, MINJYU','','2002','MF','35','',TO_DATE('29-SEP-1979','DD_MON_YYYY'),'1','178','71');
INSERT INTO player_t VALUES ('1900062','제형진','K01','JAE, HYUNGJIN','','2002','DF','38','',TO_DATE('25-JUN-1979','DD_MON_YYYY'),'1','179','75');
INSERT INTO player_t VALUES ('1900063','곽기훈','K01','KWAK, KIHOON','','2002','FW','33','',TO_DATE('05-NOV-1979','DD_MON_YYYY'),'1','177','72');
INSERT INTO player_t VALUES ('1900064','박민영','K01','PARK, MINYOUNG','','2000','FW','37','',TO_DATE('07-MAR-1981','DD_MON_YYYY'),'1','174','67');
INSERT INTO player_t VALUES ('1900071','이회택','K07','','','','TM','','',TO_DATE('11-OCT-1946','DD_MON_YYYY'),'1','','');
INSERT INTO player_t VALUES ('1900072','서현옥','K07','','','','TC','','',TO_DATE('27-OCT-1949','DD_MON_YYYY'),'1','','');
INSERT INTO player_t VALUES ('1900073','김상호','K07','','','','TC','','',TO_DATE('05-OCT-1964','DD_MON_YYYY'),'1','','');
INSERT INTO player_t VALUES ('1900074','박철우','K07','','','','TC','','',TO_DATE('29-SEP-1965','DD_MON_YYYY'),'1','','');
INSERT INTO player_t VALUES ('2002081','김영광','K07','','','','GK','41','',TO_DATE('28-JUN-1983','DD_MON_YYYY'),'1','185','80');
INSERT INTO player_t VALUES ('1997227','박종문','K07','','','','GK','1','',TO_DATE('02-OCT-1970','DD_MON_YYYY'),'1','185','76');
INSERT INTO player_t VALUES ('2002088','염동균','K07','','','','GK','31','',TO_DATE('06-SEP-1983','DD_MON_YYYY'),'1','189','83');
INSERT INTO player_t VALUES ('2002089','이정래','K07','','','','GK','33','',TO_DATE('12-NOV-1979','DD_MON_YYYY'),'1','185','81');
INSERT INTO player_t VALUES ('1998212','강철','K07','','','','DF','3','',TO_DATE('02-NOV-1971','DD_MON_YYYY'),'1','178','72');
INSERT INTO player_t VALUES ('2002077','김강선','K07','','','','DF','37','',TO_DATE('23-MAY-1979','DD_MON_YYYY'),'1','180','73');
INSERT INTO player_t VALUES ('2002083','김인호','K07','','','','DF','39','',TO_DATE('09-JUN-1983','DD_MON_YYYY'),'1','184','79');
INSERT INTO player_t VALUES ('1997213','김태영','K07','','','','DF','7','',TO_DATE('08-NOV-1970','DD_MON_YYYY'),'1','180','74');
INSERT INTO player_t VALUES ('1997209','김현수','K07','','','','DF','21','',TO_DATE('14-FEB-1973','DD_MON_YYYY'),'1','176','74');
INSERT INTO player_t VALUES ('2002084','김형주','K07','','','','DF','42','',TO_DATE('23-JUN-1979','DD_MON_YYYY'),'1','','');
INSERT INTO player_t VALUES ('2002085','김홍철','K07','','','','DF','36','',TO_DATE('02-JUN-1979','DD_MON_YYYY'),'1','181','69');
INSERT INTO player_t VALUES ('1998359','마시엘','K07','','','','DF','24','',TO_DATE('15-MAR-1972','DD_MON_YYYY'),'1','177','70');
INSERT INTO player_t VALUES ('2001034','이창원','K07','','','','DF','5','',TO_DATE('10-JUL-1975','DD_MON_YYYY'),'1','183','75');
INSERT INTO player_t VALUES ('2002090','장경진','K07','','','','DF','34','',TO_DATE('31-AUG-1983','DD_MON_YYYY'),'1','184','82');
INSERT INTO player_t VALUES ('1998425','주영호','K07','','','','DF','6','',TO_DATE('24-OCT-1975','DD_MON_YYYY'),'1','185','80');
INSERT INTO player_t VALUES ('2002092','홍성요','K07','','','','DF','28','',TO_DATE('26-MAY-1979','DD_MON_YYYY'),'1','184','78');
INSERT INTO player_t VALUES ('1999115','김경일','K07','','','','MF','49','',TO_DATE('30-AUG-1980','DD_MON_YYYY'),'1','170','65');
INSERT INTO player_t VALUES ('2001035','김길식','K07','','','','MF','12','',TO_DATE('24-AUG-1978','DD_MON_YYYY'),'1','178','72');
INSERT INTO player_t VALUES ('2000030','김남일','K07','','','','MF','4','',TO_DATE('14-MAR-1977','DD_MON_YYYY'),'1','182','76');
INSERT INTO player_t VALUES ('2000032','김대욱','K07','','','','MF','18','',TO_DATE('02-APR-1978','DD_MON_YYYY'),'1','182','73');
INSERT INTO player_t VALUES ('1997210','김도근','K07','','','','MF','10','',TO_DATE('02-MAR-1972','DD_MON_YYYY'),'2','181','69');
INSERT INTO player_t VALUES ('2002078','김동희','K07','','','','MF','38','',TO_DATE('06-MAY-1983','DD_MON_YYYY'),'1','174','64');
INSERT INTO player_t VALUES ('1997102','김명곤','K07','','','','MF','2','',TO_DATE('15-APR-1974','DD_MON_YYYY'),'1','177','73');
INSERT INTO player_t VALUES ('2002079','김성진','K07','','','','MF','44','',TO_DATE('20-JAN-1979','DD_MON_YYYY'),'1','178','68');
INSERT INTO player_t VALUES ('2002080','김승현','K07','','','','MF','26','',TO_DATE('17-AUG-1979','DD_MON_YYYY'),'1','181','71');
INSERT INTO player_t VALUES ('2002082','김요환','K07','','','','MF','25','',TO_DATE('23-MAY-1977','DD_MON_YYYY'),'1','170','62');
INSERT INTO player_t VALUES ('1999100','김정겸','K07','','','','MF','13','',TO_DATE('09-JUN-1976','DD_MON_YYYY'),'2','172','65');
INSERT INTO player_t VALUES ('1998428','김종현','K07','','','','MF','11','',TO_DATE('10-JUL-1973','DD_MON_YYYY'),'1','173','68');
INSERT INTO player_t VALUES ('2002086','노병준','K07','','','','MF','22','',TO_DATE('29-SEP-1979','DD_MON_YYYY'),'1','177','67');
INSERT INTO player_t VALUES ('2002087','박종우','K07','','','','MF','43','',TO_DATE('11-APR-1979','DD_MON_YYYY'),'1','176','69');
INSERT INTO player_t VALUES ('1997305','신진원','K07','','','','MF','9','',TO_DATE('27-SEP-1974','DD_MON_YYYY'),'1','176','75');
INSERT INTO player_t VALUES ('2002132','실바','K07','','','','MF','45','',TO_DATE('20-JUN-1977','DD_MON_YYYY'),'1','173','67');
INSERT INTO player_t VALUES ('2000031','윤용구','K07','','','','MF','15','',TO_DATE('08-AUG-1977','DD_MON_YYYY'),'1','168','60');
INSERT INTO player_t VALUES ('2001127','이반','K07','','','','MF','14','',TO_DATE('27-OCT-1974','DD_MON_YYYY'),'1','174','69');
INSERT INTO player_t VALUES ('2001038','이영수','K07','','','','MF','30','',TO_DATE('30-JUL-1978','DD_MON_YYYY'),'1','175','65');
INSERT INTO player_t VALUES ('1998423','임관식','K07','','','','MF','29','',TO_DATE('28-JUL-1975','DD_MON_YYYY'),'1','172','68');
INSERT INTO player_t VALUES ('2001036','최정호','K07','','','','MF','23','',TO_DATE('06-APR-1978','DD_MON_YYYY'),'1','176','71');
INSERT INTO player_t VALUES ('2001039','하기윤','K07','','','','MF','32','',TO_DATE('10-MAR-1982','DD_MON_YYYY'),'1','180','65');
INSERT INTO player_t VALUES ('2000003','김대철','K07','','','','FW','20','',TO_DATE('26-AUG-1977','DD_MON_YYYY'),'1','183','78');
INSERT INTO player_t VALUES ('2000154','꼬레아','K07','','','','FW','16','',TO_DATE('23-AUG-1974','DD_MON_YYYY'),'1','172','70');
INSERT INTO player_t VALUES ('1997214','노상래','K07','','','','FW','8','',TO_DATE('15-DEC-1970','DD_MON_YYYY'),'1','175','74');
INSERT INTO player_t VALUES ('1999149','성한수','K07','','','','FW','40','',TO_DATE('10-MAR-1976','DD_MON_YYYY'),'2','177','69');
INSERT INTO player_t VALUES ('1999161','세자르','K07','','','','FW','17','',TO_DATE('09-DEC-1973','DD_MON_YYYY'),'1','180','78');
INSERT INTO player_t VALUES ('2002032','신병호','K07','','','','FW','27','',TO_DATE('26-APR-1977','DD_MON_YYYY'),'1','177','75');
INSERT INTO player_t VALUES ('2001120','찌코','K07','','','','FW','27','',TO_DATE('26-JAN-1975','DD_MON_YYYY'),'1','180','67');
INSERT INTO player_t VALUES ('2000037','하성룡','K07','','','','FW','35','',TO_DATE('03-FEB-1982','DD_MON_YYYY'),'1','179','68');
INSERT INTO player_t VALUES ('2002091','홍복표','K07','','','','FW','19','',TO_DATE('28-OCT-1979','DD_MON_YYYY'),'1','182','73');
INSERT INTO player_t VALUES ('1900081','조윤환','K05','','','','TM','','',TO_DATE('24-MAY-1961','DD_MON_YYYY'),'1','','');
INSERT INTO player_t VALUES ('1900082','김은철','K05','','','','TC','','',TO_DATE('26-MAY-1958','DD_MON_YYYY'),'1','','');
INSERT INTO player_t VALUES ('1900083','이경춘','K05','','','','TC','','',TO_DATE('14-APR-1969','DD_MON_YYYY'),'1','','');
INSERT INTO player_t VALUES ('1900084','박동우','K05','','','','TC','','',TO_DATE('03-NOV-1970','DD_MON_YYYY'),'1','','');
INSERT INTO player_t VALUES ('1900085','전명구','K05','','','','TD','','',TO_DATE('16-MAR-1969','DD_MON_YYYY'),'1','','');
INSERT INTO player_t VALUES ('1900086','정경치','K05','','','','TD','','',TO_DATE('06-JAN-1969','DD_MON_YYYY'),'1','','');
INSERT INTO player_t VALUES ('1997106','김이섭','K05','KIM, ISUB','쾌남','2002','GK','45','',TO_DATE('06-APR-1974','DD_MON_YYYY'),'1','185','78');
INSERT INTO player_t VALUES ('2002007','박관민','K05','PARK, KWANMIN','','2002','GK','31','',TO_DATE('26-MAY-1979','DD_MON_YYYY'),'1','188','85');
INSERT INTO player_t VALUES ('1998179','박동우','K05','','','','GK','60','',TO_DATE('03-NOV-1970','DD_MON_YYYY'),'1','187','78');
INSERT INTO player_t VALUES ('1998138','이용발','K05','LEE, YONGBAL','','1994','GK','18','',TO_DATE('15-MAR-1973','DD_MON_YYYY'),'1','183','77');
INSERT INTO player_t VALUES ('2002006','이창민','K05','LEE, CHANGMIN','고릴라','2002','GK','1','',TO_DATE('25-JAN-1980','DD_MON_YYYY'),'1','191','87');
INSERT INTO player_t VALUES ('2000010','김대건','K05','KIM, DAEKEON','','2000','DF','26','',TO_DATE('27-APR-1977','DD_MON_YYYY'),'1','183','78');
INSERT INTO player_t VALUES ('1997159','김봉현','K05','KIM, BONGHYUN','','1995','MF','23','',TO_DATE('07-JUL-1974','DD_MON_YYYY'),'1','188','74');
INSERT INTO player_t VALUES ('2002009','김창민','K05','KIM, CHANGMIN','야생마','2002','DF','36','',TO_DATE('22-SEP-1979','DD_MON_YYYY'),'1','181','68');
INSERT INTO player_t VALUES ('2002005','박동혁','K05','PARK, DONGHYUK','백호','2002','DF','23','',TO_DATE('18-APR-1979','DD_MON_YYYY'),'1','185','78');
INSERT INTO player_t VALUES ('2002012','백인석','K05','BAEK, INSEOK','떡맨','2002','MF','40','',TO_DATE('08-AUG-1979','DD_MON_YYYY'),'1','179','72');
INSERT INTO player_t VALUES ('1998391','서혁수','K05','SEO, HYUKSU','맷돌','1998','DF','6','',TO_DATE('01-OCT-1973','DD_MON_YYYY'),'1','178','77');
INSERT INTO player_t VALUES ('2002004','안광호','K05','AN, KWANGHO','왕깡','2002','DF','15','',TO_DATE('10-JAN-1979','DD_MON_YYYY'),'1','190','78');
INSERT INTO player_t VALUES ('1999076','임종훈','K05','LIM, HONGHUN','꺼시','1999','DF','31','',TO_DATE('14-JUN-1976','DD_MON_YYYY'),'1','182','74');
INSERT INTO player_t VALUES ('1997148','최진철','K05','CHOI, JINCHEUL','','1996','DF','4','',TO_DATE('26-MAR-1971','DD_MON_YYYY'),'1','187','75');
INSERT INTO player_t VALUES ('1999061','한종성','K05','HAN, JONGSUNG','','1999','DF','13','',TO_DATE('30-JAN-1977','DD_MON_YYYY'),'1','177','70');
INSERT INTO player_t VALUES ('1999160','호제리오','K05','Rogerio Prateat','저승사자','1999','DF','3','',TO_DATE('09-MAR-1973','DD_MON_YYYY'),'1','185','85');
INSERT INTO player_t VALUES ('1997031','황승주','K05','','','','DF','98','',TO_DATE('09-MAY-1972','DD_MON_YYYY'),'1','176','68');
INSERT INTO player_t VALUES ('2000023','고관영','K05','KO, KWANYOUNG','까우','2000','MF','32','',TO_DATE('07-DEC-1981','DD_MON_YYYY'),'1','180','72');
INSERT INTO player_t VALUES ('1997155','김경량','K05','KIM, KYUNGRYANG','','1996','MF','19','',TO_DATE('22-DEC-1973','DD_MON_YYYY'),'1','173','65');
INSERT INTO player_t VALUES ('2000025','김은익','K05','','','','MF','35','',TO_DATE('09-MAR-1981','DD_MON_YYYY'),'1','176','63');
INSERT INTO player_t VALUES ('2002001','레오마르','K05','Leomar Leiria','레오','2002','MF','5','',TO_DATE('26-JUN-1971','DD_MON_YYYY'),'1','183','77');
INSERT INTO player_t VALUES ('1998269','명재용','K05','MYUNG, JAEYOENG','','1997','MF','7','',TO_DATE('26-FEB-1973','DD_MON_YYYY'),'2','173','63');
INSERT INTO player_t VALUES ('1997149','변재섭','K05','BYUN, JAESUB','작은탱크','1997','MF','11','',TO_DATE('17-SEP-1975','DD_MON_YYYY'),'2','170','63');
INSERT INTO player_t VALUES ('2002002','보띠','K05','Raphael JoseBotti Zacarias Sena','Botti','2002','MF','10','',TO_DATE('23-FEB-1981','DD_MON_YYYY'),'1','174','68');
INSERT INTO player_t VALUES ('2001123','비에라','K05','Vieira','','2001','MF','21','',TO_DATE('25-FEB-1974','DD_MON_YYYY'),'1','176','73');
INSERT INTO player_t VALUES ('1998460','서동원','K05','SEO, DONGWON','','1998','MF','22','',TO_DATE('14-AUG-1975','DD_MON_YYYY'),'1','184','78');
INSERT INTO player_t VALUES ('2000019','안대현','K05','AN, DAEHYUN','','2000','MF','25','',TO_DATE('20-AUG-1977','DD_MON_YYYY'),'1','179','72');
INSERT INTO player_t VALUES ('2000018','양현정','K05','YANG, HYUNJUNG','','2000','MF','14','',TO_DATE('25-JUL-1977','DD_MON_YYYY'),'1','176','72');
INSERT INTO player_t VALUES ('2000022','유원섭','K05','YOU, WONSUOB','앙마','2000','MF','37','',TO_DATE('24-MAY-1981','DD_MON_YYYY'),'1','180','77');
INSERT INTO player_t VALUES ('2002008','이수철','K05','LEE, SUCHEUL','','2002','MF','34','',TO_DATE('26-MAY-1979','DD_MON_YYYY'),'1','171','68');
INSERT INTO player_t VALUES ('2002013','임다한','K05','LIM, DAHAN','달마','2002','DF','39','',TO_DATE('21-JUL-1979','DD_MON_YYYY'),'1','181','67');
INSERT INTO player_t VALUES ('1997087','전경준','K05','JEON, KYOUNGJOON','','1991','MF','16','',TO_DATE('10-SEP-1973','DD_MON_YYYY'),'1','178','68');
INSERT INTO player_t VALUES ('2000021','최영훈','K05','CHOI, YOUNGHOON','깐돌이','2000','MF','27','',TO_DATE('18-MAR-1981','DD_MON_YYYY'),'1','178','71');
INSERT INTO player_t VALUES ('2001028','추운기','K05','CHOO, WOONKI','코알라','2001','MF','17','',TO_DATE('03-APR-1978','DD_MON_YYYY'),'1','173','69');
INSERT INTO player_t VALUES ('1998393','하은철','K05','HA, EUNCHEUL','','1998','MF','29','',TO_DATE('23-JUN-1975','DD_MON_YYYY'),'1','176','69');
INSERT INTO player_t VALUES ('2001030','고민기','K05','GO, MINGI','','2001','FW','24','',TO_DATE('01-JUL-1978','DD_MON_YYYY'),'1','178','70');
INSERT INTO player_t VALUES ('1998143','김도훈','K05','KIM, DOHOON','폭격기','1995','FW','9','',TO_DATE('21-JUL-1970','DD_MON_YYYY'),'1','182','77');
INSERT INTO player_t VALUES ('2002011','김연건','K05','KIM, YEONGUN','','2002','FW','44','',TO_DATE('12-MAR-1981','DD_MON_YYYY'),'1','188','77');
INSERT INTO player_t VALUES ('2001002','김현기','K05','KIM, HYUNKI','','2001','FW','28','',TO_DATE('19-MAR-1982','DD_MON_YYYY'),'1','190','82');
INSERT INTO player_t VALUES ('2001003','남궁도','K05','NAM, KUNGDO','','2001','FW','33','',TO_DATE('04-JUN-1982','DD_MON_YYYY'),'1','186','80');
INSERT INTO player_t VALUES ('2000101','문태혁','K05','MOON, TAEHYUK','','2002','FW','41','',TO_DATE('31-MAR-1983','DD_MON_YYYY'),'1','178','74');
INSERT INTO player_t VALUES ('1998392','박성배','K05','PARK, SUNGBAE','흑상어','1998','FW','8','',TO_DATE('28-NOV-1975','DD_MON_YYYY'),'2','181','76');
INSERT INTO player_t VALUES ('2002125','에드밀손','K05','Edmilson','EDY','2002','FW','20','',TO_DATE('29-MAY-1968','DD_MON_YYYY'),'1','184','79');
INSERT INTO player_t VALUES ('2002003','쿠키','K05','','','','FW','99','',TO_DATE('30-APR-1971','DD_MON_YYYY'),'1','170','76');
INSERT INTO player_t VALUES ('1900087','김은익','K05','KIM, EUNIK','','2000','FW','35','',TO_DATE('09-MAR-1981','DD_MON_YYYY'),'1','176','65');
INSERT INTO player_t VALUES ('1900091','최순호','K03','CHOI, SOONHO','','','TM','','',TO_DATE('10-JAN-1962','DD_MON_YYYY'),'1','','');
INSERT INTO player_t VALUES ('1900092','유동관','K03','YU, DONGKWAN','','','TC','','',TO_DATE('12-MAY-1963','DD_MON_YYYY'),'1','','');
INSERT INTO player_t VALUES ('1900093','정기동','K03','CHUNG, GIDONG','','','TC','','',TO_DATE('13-MAY-1961','DD_MON_YYYY'),'1','','');
INSERT INTO player_t VALUES ('2001111','이반코비','K02','','','','MF','47','',TO_DATE('08-FEB-1975','DD_MON_YYYY'),'1','185','78');
INSERT INTO player_t VALUES ('2002020','이선우','K02','LEE, SUNWOO','','','FW','33','',TO_DATE('01-APR-1978','DD_MON_YYYY'),'1','174','68');
INSERT INTO player_t VALUES ('2001074','이여성','K02','LEE, YEOSUNG','','','MF','36','',TO_DATE('05-JAN-1983','DD_MON_YYYY'),'1','179','63');
INSERT INTO player_t VALUES ('1997064','이용우','K02','LEE, YONGWOO','','','FW','27','',TO_DATE('20-JUL-1977','DD_MON_YYYY'),'1','175','70');
INSERT INTO player_t VALUES ('2002019','이종민','K02','LEE, JONGMIN','','','MF','30','',TO_DATE('01-SEP-1983','DD_MON_YYYY'),'1','174','65');
INSERT INTO player_t VALUES ('1998437','정용훈','K02','JUNG, YONGHOON','','','MF','9','',TO_DATE('11-MAR-1979','DD_MON_YYYY'),'1','175','67');
INSERT INTO player_t VALUES ('1998436','조만근','K02','CHO, MANKEUN','','','FW','34','',TO_DATE('28-NOV-1977','DD_MON_YYYY'),'1','177','67');
INSERT INTO player_t VALUES ('1997070','조재민','K02','CHO, JAEMIN','','','MF','35','',TO_DATE('22-MAY-1978','DD_MON_YYYY'),'1','180','71');
INSERT INTO player_t VALUES ('1997043','조현두','K02','CHO, HYUNDOO','','','MF','12','',TO_DATE('23-NOV-1973','DD_MON_YYYY'),'1','176','68');
INSERT INTO player_t VALUES ('2002017','최성용','K02','CHOI, SUNGYONG','','','DF','20','',TO_DATE('25-DEC-1975','DD_MON_YYYY'),'1','173','70');
INSERT INTO player_t VALUES ('2002018','하태근','K02','HA, TAEKEUN','','','MF','29','',TO_DATE('01-JUL-1983','DD_MON_YYYY'),'1','182','75');
INSERT INTO player_t VALUES ('2002122','미트로','K02','Mitrovic Slavisa','','','FW','19','보스니아',TO_DATE('05-JUL-1977','DD_MON_YYYY'),'1','192','89');
INSERT INTO player_t VALUES ('1997048','박건하','K02','PARK, KUNHA','','','FW','18','',TO_DATE('25-JUL-1971','DD_MON_YYYY'),'1','180','75');
INSERT INTO player_t VALUES ('2000168','산드로','K02','Sandro Cardoso Dos Santos','','','FW','13','브라질',TO_DATE('22-MAR-1980','DD_MON_YYYY'),'1','182','78');
INSERT INTO player_t VALUES ('2002023','윤화평','K02','YUN, HWAPYUNG','','','FW','42','',TO_DATE('26-MAR-1983','DD_MON_YYYY'),'1','182','74');
INSERT INTO player_t VALUES ('2002022','이관희','K02','LEE, KWANHEE','','','FW','39','',TO_DATE('29-JUN-1983','DD_MON_YYYY'),'1','180','70');
INSERT INTO player_t VALUES ('1900051','조광래','K09','','','','TM','','',TO_DATE('19-MAR-1954','DD_MON_YYYY'),'1','','');
INSERT INTO player_t VALUES ('1900052','이춘석','K09','','','','TC','','',TO_DATE('03-FEB-1959','DD_MON_YYYY'),'1','','');
INSERT INTO player_t VALUES ('1900053','신재흠','K09','','','','TC','','',TO_DATE('26-MAR-1959','DD_MON_YYYY'),'1','','');
INSERT INTO player_t VALUES ('1900054','이영진','K09','','','','TC','','',TO_DATE('27-OCT-1963','DD_MON_YYYY'),'1','','');
INSERT INTO player_t VALUES ('1900055','김귀화','K09','','','','TC','','',TO_DATE('15-MAR-1970','DD_MON_YYYY'),'1','','');
INSERT INTO player_t VALUES ('2002094','박동석','K09','','','','GK','1','',TO_DATE('03-MAY-1981','DD_MON_YYYY'),'1','190','89');
INSERT INTO player_t VALUES ('2000125','백민철','K09','','','','GK','21','',TO_DATE('28-JUL-1977','DD_MON_YYYY'),'1','185','78');
INSERT INTO player_t VALUES ('1997236','신의손','K09','','','','GK','44','',TO_DATE('12-JAN-1960','DD_MON_YYYY'),'1','192','87');
INSERT INTO player_t VALUES ('2001018','우태식','K09','','','','GK','31','',TO_DATE('08-JAN-1983','DD_MON_YYYY'),'1','185','75');
INSERT INTO player_t VALUES ('2000117','김동진','K09','','','','DF','4','',TO_DATE('29-JAN-1981','DD_MON_YYYY'),'1','182','74');
INSERT INTO player_t VALUES ('1998414','김성일','K09','','','','DF','19','',TO_DATE('13-APR-1974','DD_MON_YYYY'),'1','178','75');
INSERT INTO player_t VALUES ('2002093','김치곤','K09','','','','DF','17','',TO_DATE('29-JUL-1983','DD_MON_YYYY'),'1','183','76');
INSERT INTO player_t VALUES ('2002095','박요셉','K09','','','','DF','5','',TO_DATE('03-DEC-1980','DD_MON_YYYY'),'1','183','75');
INSERT INTO player_t VALUES ('2000119','박용호','K09','','','','DF','14','',TO_DATE('25-MAR-1981','DD_MON_YYYY'),'1','182','69');
INSERT INTO player_t VALUES ('1997068','박정석','K09','','','','DF','6','',TO_DATE('19-APR-1977','DD_MON_YYYY'),'1','182','78');
INSERT INTO player_t VALUES ('1997266','손현준','K09','','','','DF','45','',TO_DATE('20-MAR-1972','DD_MON_YYYY'),'1','175','70');
INSERT INTO player_t VALUES ('2001012','안성훈','K09','','','','MF','2','',TO_DATE('11-SEP-1982','DD_MON_YYYY'),'1','176','63');
INSERT INTO player_t VALUES ('1998420','이상헌','K09','','','','DF','25','',TO_DATE('11-OCT-1975','DD_MON_YYYY'),'2','185','80');
INSERT INTO player_t VALUES ('2002102','정성호','K09','','','','DF','34','',TO_DATE('07-APR-1986','DD_MON_YYYY'),'1','184','71');
INSERT INTO player_t VALUES ('1997225','최윤열','K09','','','','DF','3','',TO_DATE('17-APR-1974','DD_MON_YYYY'),'1','185','79');
INSERT INTO player_t VALUES ('1999048','김도용','K09','','','','MF','40','',TO_DATE('28-MAY-1976','DD_MON_YYYY'),'1','168','68');
INSERT INTO player_t VALUES ('2001072','김민성','K09','','','','MF','24','',TO_DATE('28-MAY-1982','DD_MON_YYYY'),'1','175','64');
INSERT INTO player_t VALUES ('2001008','신재필','K09','','','','MF','41','',TO_DATE('25-MAY-1982','DD_MON_YYYY'),'1','180','70');
INSERT INTO player_t VALUES ('2002096','신현국','K09','','','','MF','37','',TO_DATE('21-MAR-1983','DD_MON_YYYY'),'1','172','65');
INSERT INTO player_t VALUES ('2000049','안드레','K09','','','','MF','18','브라질',TO_DATE('16-NOV-1972','DD_MON_YYYY'),'1','172','69');
INSERT INTO player_t VALUES ('2002097','안상현','K09','','','','MF','33','',TO_DATE('05-MAR-1986','DD_MON_YYYY'),'1','176','67');
INSERT INTO player_t VALUES ('2002098','우진석','K09','','','','MF','39','',TO_DATE('26-AUG-1979','DD_MON_YYYY'),'1','176','70');
INSERT INTO player_t VALUES ('1997133','유상수','K09','','','','MF','43','',TO_DATE('28-AUG-1973','DD_MON_YYYY'),'2','175','67');
INSERT INTO player_t VALUES ('2000048','이영표','K09','','','','MF','12','',TO_DATE('23-APR-1977','DD_MON_YYYY'),'1','176','66');
INSERT INTO player_t VALUES ('2002100','이준기','K09','','','','MF','36','',TO_DATE('25-APR-1982','DD_MON_YYYY'),'1','183','74');
INSERT INTO player_t VALUES ('2002101','이지남','K09','','','','MF','42','',TO_DATE('21-NOV-1984','DD_MON_YYYY'),'1','183','68');
INSERT INTO player_t VALUES ('1998413','정광민','K09','','','','FW','23','',TO_DATE('08-JAN-1976','DD_MON_YYYY'),'1','180','70');
INSERT INTO player_t VALUES ('1999051','정창근','K09','','','','MF','27','',TO_DATE('10-AUG-1983','DD_MON_YYYY'),'2','170','63');
INSERT INTO player_t VALUES ('2000118','최원권','K09','','','','MF','13','',TO_DATE('08-NOV-1981','DD_MON_YYYY'),'1','173','65');
INSERT INTO player_t VALUES ('2000120','김병채','K09','','','','FW','15','',TO_DATE('14-APR-1981','DD_MON_YYYY'),'1','180','72');
INSERT INTO player_t VALUES ('1999046','김성재','K09','','','','MF','8','',TO_DATE('17-SEP-1976','DD_MON_YYYY'),'2','178','72');
INSERT INTO player_t VALUES ('2002119','뚜따','K09','','','','FW','99','브라질',TO_DATE('20-JUN-1974','DD_MON_YYYY'),'1','187','84');
INSERT INTO player_t VALUES ('2002105','마르코','K09','','','','FW','11','브라질',TO_DATE('03-DEC-1976','DD_MON_YYYY'),'1','175','77');
INSERT INTO player_t VALUES ('2001005','박성호','K09','','','','FW','30','',TO_DATE('27-JUL-1982','DD_MON_YYYY'),'1','187','73');
INSERT INTO player_t VALUES ('2001108','박윤화','K09','','','','MF','16','',TO_DATE('13-JUN-1978','DD_MON_YYYY'),'1','175','67');
INSERT INTO player_t VALUES ('1999047','박정환','K09','','','','FW','20','',TO_DATE('14-JAN-1977','DD_MON_YYYY'),'1','178','70');
INSERT INTO player_t VALUES ('1999005','왕정현','K09','','','','FW','28','',TO_DATE('30-AUG-1976','DD_MON_YYYY'),'2','181','73');
INSERT INTO player_t VALUES ('2002099','이정수','K09','','','','FW','7','',TO_DATE('08-JAN-1980','DD_MON_YYYY'),'1','184','74');
INSERT INTO player_t VALUES ('2002103','조원광','K09','','','','FW','22','',TO_DATE('23-AUG-1985','DD_MON_YYYY'),'1','183','68');
INSERT INTO player_t VALUES ('1999044','진순진','K09','','','','MF','26','',TO_DATE('01-MAR-1974','DD_MON_YYYY'),'2','180','78');
INSERT INTO player_t VALUES ('2000053','최태욱','K09','','','','FW','9','',TO_DATE('13-MAR-1981','DD_MON_YYYY'),'1','173','66');
INSERT INTO player_t VALUES ('2002104','한동원','K09','','','','FW','32','',TO_DATE('06-APR-1986','DD_MON_YYYY'),'1','174','61');
INSERT INTO player_t VALUES ('2001004','한정화','K09','','','','FW','29','',TO_DATE('31-OCT-1982','DD_MON_YYYY'),'1','173','63');
INSERT INTO player_t VALUES ('2000164','히카르도','K09','','','','MF','10','브라질',TO_DATE('08-JUN-1976','DD_MON_YYYY'),'1','189','71');
INSERT INTO player_t VALUES ('2001082','권정혁','K01','KWON, JUNGHYUK','','2001','GK','1','',TO_DATE('02-AUG-1978','DD_MON_YYYY'),'1','195','80');
INSERT INTO player_t VALUES ('1999070','박창주','K01','PARK, CHANGZOO','','1999','GK','40','',TO_DATE('30-SEP-1972','DD_MON_YYYY'),'1','187','86');
INSERT INTO player_t VALUES ('1997020','서동명','K01','SEO, DONGMYUNG','','2002','GK','21','',TO_DATE('04-MAY-1974','DD_MON_YYYY'),'1','196','94');
INSERT INTO player_t VALUES ('1998410','양지원','K01','YANG, JIWON','','1998','GK','45','',TO_DATE('28-APR-1974','DD_MON_YYYY'),'1','181','75');
INSERT INTO player_t VALUES ('2002039','최무림','K01','CHOI, MOOLIM','','2002','GK','31','',TO_DATE('15-APR-1979','DD_MON_YYYY'),'1','185','79');
INSERT INTO player_t VALUES ('2002034','김윤구','K01','KIM, YOONGOO','','2002','DF','20','',TO_DATE('01-SEP-1979','DD_MON_YYYY'),'1','182','75');
INSERT INTO player_t VALUES ('2001106','끌레베르','K01','Cleber Arild','','2001','DF','3','브라질',TO_DATE('21-JAN-1969','DD_MON_YYYY'),'1','186','79');
INSERT INTO player_t VALUES ('2001080','박경삼','K01','PARK, JYUNGSAM','','2001','DF','25','',TO_DATE('06-JUN-1978','DD_MON_YYYY'),'1','188','74');
INSERT INTO player_t VALUES ('1997004','박종욱','K01','PARK, JONGWOOK','','1997','DF','29','',TO_DATE('11-JAN-1975','DD_MON_YYYY'),'1','185','74');
INSERT INTO player_t VALUES ('2002035','변성환','K01','BYUN, SUNGHWAN','','2002','DF','23','',TO_DATE('22-DEC-1979','DD_MON_YYYY'),'1','176','69');
INSERT INTO player_t VALUES ('1998366','손상호','K01','SON, SANGHO','','1997','DF','28','',TO_DATE('04-MAY-1974','DD_MON_YYYY'),'1','187','78');
INSERT INTO player_t VALUES ('2002044','유재형','K01','YOU, JAEHYUNG','','2002','DF','39','',TO_DATE('24-AUG-1977','DD_MON_YYYY'),'1','180','79');
INSERT INTO player_t VALUES ('2001077','조세권','K01','CHOI, SAEKWON','','2001','DF','4','',TO_DATE('26-JUN-1978','DD_MON_YYYY'),'1','184','80');
INSERT INTO player_t VALUES ('1999069','하성용','K01','HA, SUNGYONG','','1999','DF','43','',TO_DATE('05-OCT-1976','DD_MON_YYYY'),'1','179','75');
INSERT INTO player_t VALUES ('2000082','한정일','K01','HAN, JEUNGIL','','2000','DF','41','',TO_DATE('03-MAR-1977','DD_MON_YYYY'),'1','172','65');
INSERT INTO player_t VALUES ('2000054','김건형','K01','KIM, KUNHYUNG','','2000','MF','17','',TO_DATE('11-SEP-1979','DD_MON_YYYY'),'1','176','70');
INSERT INTO player_t VALUES ('1999058','김도균','K01','KIM, DOKYUN','','1999','MF','6','',TO_DATE('13-JAN-1977','DD_MON_YYYY'),'1','184','78');
INSERT INTO player_t VALUES ('2001083','박기욱','K01','PARK, KIWOOK','','2001','MF','18','',TO_DATE('22-DEC-1978','DD_MON_YYYY'),'1','175','68');
INSERT INTO player_t VALUES ('2002028','박진섭','K01','PARK, JINSUP','','2002','MF','2','',TO_DATE('11-MAR-1977','DD_MON_YYYY'),'1','179','68');
INSERT INTO player_t VALUES ('2001079','서덕규','K01','SEO, DOUKGUY','','2001','DF','5','',TO_DATE('22-OCT-1978','DD_MON_YYYY'),'1','182','72');
INSERT INTO player_t VALUES ('2002130','에디','K01','Edmilson Alves','','2002','MF','7','브라질',TO_DATE('17-FEB-1976','DD_MON_YYYY'),'1','182','70');
INSERT INTO player_t VALUES ('1999055','이길용','K01','LEE, KILYONG','','1999','MF','22','',TO_DATE('30-MAR-1976','DD_MON_YYYY'),'2','183','78');
INSERT INTO player_t VALUES ('2002036','이윤섭','K01','LEE, YOONSUB','','2002','MF','26','',TO_DATE('30-JUL-1979','DD_MON_YYYY'),'1','184','77');
INSERT INTO player_t VALUES ('2002029','이천수','K01','LEE, CHUNSU','','2002','MF','9','',TO_DATE('09-JUL-1981','DD_MON_YYYY'),'1','174','65');
INSERT INTO player_t VALUES ('2002033','장성욱','K01','JANG, SUNGWOOK','','2002','MF','19','',TO_DATE('01-SEP-1979','DD_MON_YYYY'),'1','174','71');
INSERT INTO player_t VALUES ('1997023','장철민','K01','JANG, CHULMIN','','1997','MF','24','',TO_DATE('19-MAY-1972','DD_MON_YYYY'),'1','179','76');
INSERT INTO player_t VALUES ('2001084','전광철','K01','JEON, KWANGCHEOL','','2001','MF','34','',TO_DATE('16-JUL-1982','DD_MON_YYYY'),'1','186','74');
INSERT INTO player_t VALUES ('2002045','전재운','K01','JEON, JAEWOON','','2002','MF','42','',TO_DATE('05-JUN-1981','DD_MON_YYYY'),'1','177','67');
INSERT INTO player_t VALUES ('1997008','정정수','K01','JUNG, JEONGSOO','','1993','MF','8','',TO_DATE('20-NOV-1969','DD_MON_YYYY'),'1','170','61');
INSERT INTO player_t VALUES ('2002042','정주영','K01','HUNG, HUYOUNG','','2002','MF','36','',TO_DATE('03-MAY-1979','DD_MON_YYYY'),'1','172','65');
INSERT INTO player_t VALUES ('2002040','조원희','K01','CHO, WONHEE','','2002','MF','32','',TO_DATE('17-APR-1983','DD_MON_YYYY'),'1','178','71');
INSERT INTO player_t VALUES ('2002041','곽기훈','K01','','','','FW','33','',TO_DATE('05-NOV-1979','DD_MON_YYYY'),'1','177','72');
INSERT INTO player_t VALUES ('1997010','김현석','K01','KIM, HYUNSEOK','','2001','FW','16','',TO_DATE('05-MAY-1967','DD_MON_YYYY'),'1','178','70');
INSERT INTO player_t VALUES ('2001105','마르코스','K01','Marcos Antonio','','2001','FW','44','브라질',TO_DATE('07-APR-1977','DD_MON_YYYY'),'1','170','73');
INSERT INTO player_t VALUES ('2000045','박규선','K01','PARK, GYUSUN','','2000','FW','15','',TO_DATE('24-SEP-1981','DD_MON_YYYY'),'1','182','66');
INSERT INTO player_t VALUES ('2002129','알리송','K01','Alison Barros Moraes','','','FW','14','브라질',TO_DATE('30-JUN-1982','DD_MON_YYYY'),'1','171','60');
INSERT INTO player_t VALUES ('2002038','이태유','K01','LEE, TAEYOO','','2002','FW','30','',TO_DATE('01-OCT-1979','DD_MON_YYYY'),'1','175','64');
INSERT INTO player_t VALUES ('2002030','정성훈','K01','','','','FW','10','',TO_DATE('04-JUL-1979','DD_MON_YYYY'),'1','187','83');
INSERT INTO player_t VALUES ('2002037','최인석','K01','CHOI, INSUK','','2002','FW','27','',TO_DATE('07-AUG-1979','DD_MON_YYYY'),'1','181','74');
INSERT INTO player_t VALUES ('2001104','파울링뇨','K01','Marcos Paulo Paulrini','','2001','FW','11','브라질',TO_DATE('04-MAR-1977','DD_MON_YYYY'),'1','174','75');
INSERT INTO player_t VALUES ('2002031','현영민','K01','HYUN, YOUNGMIN','','2002','FW','13','',TO_DATE('25-DEC-1979','DD_MON_YYYY'),'1','179','73');
INSERT INTO player_t VALUES ('1900061','홍인기','K01','HONG, INKI','','1998','DF','35','',TO_DATE('15-MAR-1979','DD_MON_YYYY'),'1','182','75');
INSERT INTO player_t VALUES ('1997114','김기동','K04','','','','MF','6','',TO_DATE('12-JAN-1971','DD_MON_YYYY'),'1','171','66');
INSERT INTO player_t VALUES ('2000005','김기형','K04','','','','MF','19','',TO_DATE('10-JUL-1977','DD_MON_YYYY'),'1','173','64');
INSERT INTO player_t VALUES ('2002055','김정현','K04','','','','MF','32','',TO_DATE('01-APR-1979','DD_MON_YYYY'),'1','176','68');
INSERT INTO player_t VALUES ('1997122','김한윤','K04','','','','MF','14','',TO_DATE('11-JUL-1974','DD_MON_YYYY'),'1','185','74');
INSERT INTO player_t VALUES ('1997137','남기일','K04','','','','MF','29','',TO_DATE('17-AUG-1974','DD_MON_YYYY'),'1','177','69');
INSERT INTO player_t VALUES ('2002131','무스타파','K04','','','','MF','77','',TO_DATE('08-JAN-1975','DD_MON_YYYY'),'1','180','73');
INSERT INTO player_t VALUES ('2002056','박정주','K04','','','','MF','33','',TO_DATE('26-JUN-1979','DD_MON_YYYY'),'1','177','73');
INSERT INTO player_t VALUES ('2000004','신현호','K04','','','','MF','22','',TO_DATE('07-JUL-1977','DD_MON_YYYY'),'1','183','71');
INSERT INTO player_t VALUES ('1997125','윤정춘','K04','','','','MF','17','',TO_DATE('18-FEB-1973','DD_MON_YYYY'),'1','173','66');
INSERT INTO player_t VALUES ('2001103','장경호','K04','','','','MF','39','',TO_DATE('23-FEB-1983','DD_MON_YYYY'),'1','174','66');
INSERT INTO player_t VALUES ('1998209','최문식','K04','','','','MF','10','',TO_DATE('23-OCT-1971','DD_MON_YYYY'),'1','173','66');
INSERT INTO player_t VALUES ('1998457','곽경근','K04','GWAK, JYUNGKEUN','골든맨','1998','FW','9','',TO_DATE('10-OCT-1972','DD_MON_YYYY'),'1','184','81');
INSERT INTO player_t VALUES ('2002120','다보','K04','Chelck Oumar Dabo','','2002','FW','63','',TO_DATE('','DD_MON_YYYY'),'1','183','76');
INSERT INTO player_t VALUES ('1997126','박성철','K04','PARK, SUNGCHUL','코미디언','1997','FW','28','',TO_DATE('16-MAR-1975','DD_MON_YYYY'),'1','190','78');
INSERT INTO player_t VALUES ('1997153','비탈리','K04','VITALIY','','2002','FW','24','',TO_DATE('04-MAY-1969','DD_MON_YYYY'),'1','183','74');
INSERT INTO player_t VALUES ('1999026','안승인','K04','AN, SEUNGIN','안뽕','1999','FW','13','',TO_DATE('14-MAR-1973','DD_MON_YYYY'),'1','182','75');
INSERT INTO player_t VALUES ('2001019','윤원철','K04','','','','FW','8','',TO_DATE('06-JAN-1979','DD_MON_YYYY'),'1','184','75');
INSERT INTO player_t VALUES ('1999027','이성재','K04','LEE, SUNGJAE','까치,돌쇠','1999','FW','11','',TO_DATE('16-MAY-1976','DD_MON_YYYY'),'1','178','67');
INSERT INTO player_t VALUES ('1997135','이원식','K04','LEE, WONSHIK','뺀, 밥식이','1996','FW','27','',TO_DATE('16-MAY-1973','DD_MON_YYYY'),'1','172','64');
INSERT INTO player_t VALUES ('2002057','이종민','K04','LEE, JONGMIN','','2002','FW','34','',TO_DATE('01-AUG-1983','DD_MON_YYYY'),'1','184','77');
INSERT INTO player_t VALUES ('2001020','정필석','K04','JUNG, PILSUK','장신','2001','FW','18','',TO_DATE('23-JUL-1978','DD_MON_YYYY'),'1','190','83');
INSERT INTO player_t VALUES ('2000084','제프유','K04','JEFF JI YOUNG','','2001','FW','16','미국',TO_DATE('30-OCT-1978','DD_MON_YYYY'),'1','184','76');
INSERT INTO player_t VALUES ('1900026','롤란','K04','','','2000','FW','','리투아니아',TO_DATE('','DD_MON_YYYY'),'','184','81');
INSERT INTO player_t VALUES ('1900027','셀라하틴','K04','Selahattin','','2002','FW','11','이탈리아',TO_DATE('','DD_MON_YYYY'),'','180','75');
INSERT INTO player_t VALUES ('1900031','차경복','K08','','','1998','TM','','',TO_DATE('10-JAN-1973','DD_MON_YYYY'),'1','','');
INSERT INTO player_t VALUES ('1900032','김학범','K08','','','','','','',TO_DATE('','DD_MON_YYYY'),'','','');
INSERT INTO player_t VALUES ('1900033','안익수','K08','','','','','','',TO_DATE('','DD_MON_YYYY'),'','','');
INSERT INTO player_t VALUES ('1900034','차상광','K08','','','','','','',TO_DATE('','DD_MON_YYYY'),'','','');
INSERT INTO player_t VALUES ('1999045','권찬수','K08','KWON, CHANSOO','','','GK','21','',TO_DATE('30-MAY-1974','DD_MON_YYYY'),'2','183','77');
INSERT INTO player_t VALUES ('2002107','김경두','K08','KIM, KYOUNGDOO','','','GK','41','',TO_DATE('','DD_MON_YYYY'),'1','194','76');
INSERT INTO player_t VALUES ('1997255','김해운','K08','KIM, HAEWOON','','','GK','1','',TO_DATE('25-DEC-1973','DD_MON_YYYY'),'2','185','79');
INSERT INTO player_t VALUES ('1999101','양영민','K08','YANG, YOUNGMIN','','','GK','31','',TO_DATE('19-JUL-1974','DD_MON_YYYY'),'1','190','80');
INSERT INTO player_t VALUES ('2001087','가이모토','K08','KAIMOTO KOJIRO','','','DF','3','',TO_DATE('14-OCT-1977','DD_MON_YYYY'),'1','182','77');
INSERT INTO player_t VALUES ('2002108','김두영','K08','KIM, DOYOUNG','','','DF','30','',TO_DATE('07-OCT-1980','DD_MON_YYYY'),'1','181','75');
INSERT INTO player_t VALUES ('2002118','김명휘','K08','KIM, MYONGHWI','','','DF','37','',TO_DATE('08-MAY-1981','DD_MON_YYYY'),'1','185','76');
INSERT INTO player_t VALUES ('1997329','김영철','K08','KIM, YOUNGCHUL','','','DF','5','',TO_DATE('30-JUN-1976','DD_MON_YYYY'),'1','183','80');
INSERT INTO player_t VALUES ('1997259','김정재','K08','KIM, JUNGJAE','','','DF','13','',TO_DATE('22-MAY-1974','DD_MON_YYYY'),'2','184','80');
INSERT INTO player_t VALUES ('1997186','김현수','K08','KIM, HYUNSOO','','','DF','15','',TO_DATE('13-MAR-1973','DD_MON_YYYY'),'2','186','80');
INSERT INTO player_t VALUES ('1997089','노태경','K08','NO, TAEKYOUNG','','','DF','25','',TO_DATE('22-APR-1972','DD_MON_YYYY'),'1','175','68');
INSERT INTO player_t VALUES ('1999098','문삼진','K08','MOON, SAMJIN','','','DF','2','',TO_DATE('03-MAR-1973','DD_MON_YYYY'),'1','173','68');
INSERT INTO player_t VALUES ('2002111','민경인','K08','MIN, KYUNGIN','','','DF','12','',TO_DATE('09-MAY-1979','DD_MON_YYYY'),'1','177','71');
INSERT INTO player_t VALUES ('2001091','박종남','K08','PARK, JONGNAM','','','DF','34','',TO_DATE('17-NOV-1976','DD_MON_YYYY'),'1','182','76');
INSERT INTO player_t VALUES ('1997055','박충균','K08','PARK, CHOONGKYUN','','','DF','20','',TO_DATE('20-JUN-1973','DD_MON_YYYY'),'1','184','70');
INSERT INTO player_t VALUES ('2000034','배진수','K08','BAE, JINSOO','','','DF','38','',TO_DATE('25-JAN-1976','DD_MON_YYYY'),'1','178','72');
INSERT INTO player_t VALUES ('1998471','이영진','K08','LEE, YOUNGJIN','','','DF','23','',TO_DATE('27-MAR-1972','DD_MON_YYYY'),'2','180','75');
INSERT INTO player_t VALUES ('1998399','임규식','K08','LIM, KYUSIK','','','DF','27','',TO_DATE('09-MAY-1975','DD_MON_YYYY'),'1','182','75');
INSERT INTO player_t VALUES ('2002106','곽치국','K08','KWAK, CHIGOOG','','','MF','32','',TO_DATE('22-APR-1979','DD_MON_YYYY'),'1','170','68');
INSERT INTO player_t VALUES ('1999095','김상식','K08','KIM, SANGSIK','','','MF','4','',TO_DATE('17-DEC-1976','DD_MON_YYYY'),'1','184','71');
INSERT INTO player_t VALUES ('2001086','김용희','K08','KIM, YONGHEE','','','MF','18','',TO_DATE('15-OCT-1978','DD_MON_YYYY'),'1','178','70');
INSERT INTO player_t VALUES ('2002109','노규영','K08','','','','MF','33','',TO_DATE('29-APR-1978','DD_MON_YYYY'),'1','180','83');
INSERT INTO player_t VALUES ('2000126','박강조','K08','PARK, KANGJO','','','MF','6','',TO_DATE('24-JAN-1980','DD_MON_YYYY'),'1','165','57');
INSERT INTO player_t VALUES ('1998171','박남열','K08','PARK, NAMRYUL','','','MF','8','',TO_DATE('07-MAY-1970','DD_MON_YYYY'),'2','178','70');
INSERT INTO player_t VALUES ('2001088','백영철','K08','BACK, YOUNGCHUL','','','MF','22','',TO_DATE('11-NOV-1978','DD_MON_YYYY'),'1','177','71');
INSERT INTO player_t VALUES ('1997242','신태용','K08','SHIN, TAEYONG','','','MF','7','',TO_DATE('11-OCT-1970','DD_MON_YYYY'),'1','174','67');
INSERT INTO player_t VALUES ('2002117','올리베','K08','Alcir de Oliveira fonseca','','','MF','29','브라질',TO_DATE('14-NOV-1977','DD_MON_YYYY'),'1','175','73');
INSERT INTO player_t VALUES ('2001128','이리네','K08','Ricardo Irineu','','','MF','26','브라질',TO_DATE('12-JUL-1977','DD_MON_YYYY'),'1','172','69');
INSERT INTO player_t VALUES ('2002128','쟈스민','K08','Jasmin Mujidza','','','MF','33','크로아티아',TO_DATE('02-MAR-1974','DD_MON_YYYY'),'1','180','78');
INSERT INTO player_t VALUES ('2002114','전재호','K08','CHUN, JAEHO','','','MF','14','',TO_DATE('08-AUG-1979','DD_MON_YYYY'),'1','168','64');
INSERT INTO player_t VALUES ('1998131','조진호','K08','CHO, JINHO','','','MF','11','',TO_DATE('02-AUG-1973','DD_MON_YYYY'),'1','174','68');
INSERT INTO player_t VALUES ('2002115','최낙훈','K08','CHOI, NAKHOON','','','MF','35','',TO_DATE('28-DEC-1979','DD_MON_YYYY'),'1','172','62');
INSERT INTO player_t VALUES ('1997100','홍도표','K08','HONG, DOPYO','','','MF','9','',TO_DATE('24-JUL-1973','DD_MON_YYYY'),'1','173','66');
INSERT INTO player_t VALUES ('2000127','김대의','K08','KIM, DAEEUI','','','FW','19','',TO_DATE('30-MAY-1977','DD_MON_YYYY'),'1','174','70');
INSERT INTO player_t VALUES ('1999084','김우재','K08','KIM, WOOJAE','','','FW','24','',TO_DATE('13-SEP-1976','DD_MON_YYYY'),'1','173','71');
INSERT INTO player_t VALUES ('1997192','샤샤','K08','Drakulic sasa','','','FW','10','',TO_DATE('28-AUG-1972','DD_MON_YYYY'),'1','190','84');
INSERT INTO player_t VALUES ('2002112','서관수','K08','SIO, KWANSOO','','','FW','17','',TO_DATE('25-FEB-1980','DD_MON_YYYY'),'1','179','74');
INSERT INTO player_t VALUES ('2001095','이성운','K08','LEE, SUNGWOON','','','FW','40','',TO_DATE('25-DEC-1978','DD_MON_YYYY'),'1','173','64');
INSERT INTO player_t VALUES ('2002113','이정운','K08','LEE, JUNGWOON','','','FW','28','',TO_DATE('14-MAR-1983','DD_MON_YYYY'),'1','170','68');
INSERT INTO player_t VALUES ('2001094','장동현','K08','JANG, DONGHYUN','','','FW','39','',TO_DATE('19-MAR-1982','DD_MON_YYYY'),'1','178','67');
INSERT INTO player_t VALUES ('1997250','황연석','K08','HWANG, YOUNSUCK','','','FW','16','',TO_DATE('17-OCT-1973','DD_MON_YYYY'),'1','192','81');
INSERT INTO player_t VALUES ('1900041','김호','K02','KIM, HO','','','TM','','',TO_DATE('24-NOV-1944','DD_MON_YYYY'),'1','','');
INSERT INTO player_t VALUES ('1900042','왕선재','K02','WANG, SUNJAE','','','TC','','',TO_DATE('16-MAR-1959','DD_MON_YYYY'),'1','','');
INSERT INTO player_t VALUES ('1900043','코샤','K02','Marco Antonio Alvarez Ferreira','','','TC','','브라질',TO_DATE('20-JUL-1960','DD_MON_YYYY'),'1','','');
INSERT INTO player_t VALUES ('1900044','윤성효','K02','YOON, SUNGHYO','','','TC','','',TO_DATE('18-MAY-1962','DD_MON_YYYY'),'1','','');
INSERT INTO player_t VALUES ('1997067','김광수','K02','KIM, JWANGSOO','','','GK','41','',TO_DATE('10-MAR-1977','DD_MON_YYYY'),'1','182','79');
INSERT INTO player_t VALUES ('1999004','박호진','K02','PARK, HOJIN','','','GK','31','',TO_DATE('22-OCT-1976','DD_MON_YYYY'),'1','190','82');
INSERT INTO player_t VALUES ('1997203','신범철','K02','SIN, BUMCHUL','','','GK','21','',TO_DATE('27-SEP-1970','DD_MON_YYYY'),'2','185','85');
INSERT INTO player_t VALUES ('1997035','이운재','K02','LEE, WOONJAE','','','GK','1','',TO_DATE('26-APR-1973','DD_MON_YYYY'),'1','182','82');
INSERT INTO player_t VALUES ('1998429','김영선','K02','KIM, YOUNGSUN','','','DF','16','',TO_DATE('03-APR-1975','DD_MON_YYYY'),'1','184','81');
INSERT INTO player_t VALUES ('2002021','김유진','K02','KIM, YOUJIN','','','DF','37','',TO_DATE('19-JUN-1983','DD_MON_YYYY'),'1','188','76');
INSERT INTO player_t VALUES ('2001073','손승준','K02','SON, SEUNGJUN','','','DF','32','',TO_DATE('16-MAY-1982','DD_MON_YYYY'),'1','186','72');
INSERT INTO player_t VALUES ('1997007','신홍기','K02','SHIN, HONGGI','','','DF','15','',TO_DATE('04-MAY-1968','DD_MON_YYYY'),'1','175','66');
INSERT INTO player_t VALUES ('2002027','안동원','K02','AN, DONGWON','','','DF','49','',TO_DATE('27-SEP-1982','DD_MON_YYYY'),'1','184','78');
INSERT INTO player_t VALUES ('2002024','이강진','K02','LEE, KANGJIN','','','DF','43','',TO_DATE('25-APR-1986','DD_MON_YYYY'),'1','181','65');
INSERT INTO player_t VALUES ('1997036','이병근','K02','LEE, BYOUNGKEUN','','','DF','3','',TO_DATE('28-APR-1973','DD_MON_YYYY'),'1','175','63');
INSERT INTO player_t VALUES ('2002026','이태권','K02','LEE, TAE-KWON','','','DF','46','',TO_DATE('14-JUL-1980','DD_MON_YYYY'),'1','180','75');
INSERT INTO player_t VALUES ('2002014','조병국','K02','CHO, BYUNGKOOK','','','DF','2','',TO_DATE('01-JUL-1981','DD_MON_YYYY'),'1','183','78');
INSERT INTO player_t VALUES ('2001075','조성환','K02','CHO, SUNGHWAN','','','DF','5','',TO_DATE('09-APR-1982','DD_MON_YYYY'),'1','183','75');
INSERT INTO player_t VALUES ('2002123','가비','K02','Gabriel Popescu','','','MF','10','루마니아',TO_DATE('25-DEC-1973','DD_MON_YYYY'),'1','177','74');
INSERT INTO player_t VALUES ('2000089','강대희','K02','','','','MF','26','',TO_DATE('02-FEB-1977','DD_MON_YYYY'),'1','174','65');
INSERT INTO player_t VALUES ('1997051','고종수','K02','KO, JONGSU','','','MF','22','',TO_DATE('30-OCT-1978','DD_MON_YYYY'),'1','176','70');
INSERT INTO player_t VALUES ('2002015','고창현','K02','KO, CHANGHYUN','','','MF','8','',TO_DATE('15-SEP-1983','DD_MON_YYYY'),'1','170','64');
INSERT INTO player_t VALUES ('1999089','김기범','K02','KIM, KIBUM','','','MF','28','',TO_DATE('14-AUG-1976','DD_MON_YYYY'),'1','173','65');
INSERT INTO player_t VALUES ('1999083','김동현','K02','KIM, DONGHYUN','','','MF','25','',TO_DATE('17-AUG-1980','DD_MON_YYYY'),'1','175','72');
INSERT INTO player_t VALUES ('2001071','김두현','K02','KIM, DOOHYUN','','','MF','4','',TO_DATE('14-JUL-1982','DD_MON_YYYY'),'1','175','67');
INSERT INTO player_t VALUES ('2002025','김준','K02','KIM, JUN','','','MF','44','',TO_DATE('09-DEC-1986','DD_MON_YYYY'),'1','170','65');
INSERT INTO player_t VALUES ('1997040','김진우','K02','KIM, JINWOO','','','DF','7','',TO_DATE('09-OCT-1975','DD_MON_YYYY'),'1','179','72');
INSERT INTO player_t VALUES ('1997069','데니스','K02','Laktionov Denis','','','FW','11','러시아',TO_DATE('04-SEP-1977','DD_MON_YYYY'),'1','176','71');
INSERT INTO player_t VALUES ('1997274','서정원','K02','SEO, JUNGWON','','','FW','14','',TO_DATE('17-DEC-1970','DD_MON_YYYY'),'1','173','66');
INSERT INTO player_t VALUES ('2002016','손대호','K02','SON, DAEHO','','','DF','17','',TO_DATE('11-SEP-1981','DD_MON_YYYY'),'1','186','79');
INSERT INTO player_t VALUES ('2001070','오규찬','K02','OH, GUCHAN','','','MF','24','',TO_DATE('28-AUG-1982','DD_MON_YYYY'),'1','178','71');
INSERT INTO player_t VALUES ('2002135','윤원일','K02','','','','MF','45','',TO_DATE('31-MAR-1983','DD_MON_YYYY'),'1','176','70');
INSERT INTO player_t VALUES ('1999131','이동욱','K02','LEE, DONGWOOK','','','MF','40','',TO_DATE('10-APR-1976','DD_MON_YYYY'),'1','176','68');

INSERT INTO schedule_t VALUES ('A','C02','20020501','K06','K10','2','0');
INSERT INTO schedule_t VALUES ('A','B03','20020505','K02','K01','1','2');
INSERT INTO schedule_t VALUES ('A','B05','20020505','K09','K08','1','3');
INSERT INTO schedule_t VALUES ('A','B02','20020512','K08','K01','1','1');
INSERT INTO schedule_t VALUES ('S','C02','20020707','K06','K01','1','2');
INSERT INTO schedule_t VALUES ('S','B02','20020707','K08','K03','3','2');
INSERT INTO schedule_t VALUES ('S','D03','20020707','K05','K09','2','1');
INSERT INTO schedule_t VALUES ('S','D01','20020707','K07','K10','1','0');
INSERT INTO schedule_t VALUES ('S','B04','20020710','K02','K01','2','1');
INSERT INTO schedule_t VALUES ('S','D03','20020710','K05','K03','1','1');
INSERT INTO schedule_t VALUES ('S','E02','20020710','K10','K04','0','2');
INSERT INTO schedule_t VALUES ('S','C02','20020710','K06','K08','3','1');
INSERT INTO schedule_t VALUES ('S','D01','20020710','K07','K09','0','0');
INSERT INTO schedule_t VALUES ('S','C06','20020713','K03','K06','2','1');
INSERT INTO schedule_t VALUES ('S','B05','20020714','K09','K02','3','0');
INSERT INTO schedule_t VALUES ('S','B01','20020714','K04','K07','1','0');
INSERT INTO schedule_t VALUES ('S','E02','20020714','K10','K08','1','1');
INSERT INTO schedule_t VALUES ('S','D01','20020717','K07','K01','0','0');
INSERT INTO schedule_t VALUES ('S','C06','20020717','K03','K02','2','0');
INSERT INTO schedule_t VALUES ('S','B02','20020717','K08','K04','2','1');
INSERT INTO schedule_t VALUES ('S','C02','20020717','K06','K05','1','2');
INSERT INTO schedule_t VALUES ('S','B05','20020717','K09','K10','1','1');
INSERT INTO schedule_t VALUES ('S','D01','20020720','K07','K03','1','1');
INSERT INTO schedule_t VALUES ('S','B04','20020721','K02','K06','2','2');
INSERT INTO schedule_t VALUES ('S','D03','20020721','K05','K08','2','2');
INSERT INTO schedule_t VALUES ('S','B01','20020721','K04','K09','1','3');
INSERT INTO schedule_t VALUES ('S','D03','20020724','K05','K02','1','1');
INSERT INTO schedule_t VALUES ('S','E02','20020724','K10','K03','1','1');
INSERT INTO schedule_t VALUES ('S','C02','20020724','K06','K07','0','1');
INSERT INTO schedule_t VALUES ('S','B02','20020724','K08','K09','1','1');
INSERT INTO schedule_t VALUES ('S','C06','20020727','K03','K04','2','1');
INSERT INTO schedule_t VALUES ('S','D01','20020727','K07','K05','2','1');
INSERT INTO schedule_t VALUES ('S','C02','20020727','K06','K10','3','0');
INSERT INTO schedule_t VALUES ('S','B05','20020728','K09','K01','1','1');
INSERT INTO schedule_t VALUES ('S','B04','20020728','K02','K08','2','2');
INSERT INTO schedule_t VALUES ('S','B02','20020731','K08','K01','2','0');
INSERT INTO schedule_t VALUES ('S','B05','20020731','K09','K03','3','1');
INSERT INTO schedule_t VALUES ('S','E02','20020731','K10','K05','1','0');
INSERT INTO schedule_t VALUES ('S','B01','20020731','K04','K06','3','2');
INSERT INTO schedule_t VALUES ('S','B04','20020731','K02','K07','1','2');
INSERT INTO schedule_t VALUES ('S','B02','20020803','K08','K07','1','0');
INSERT INTO schedule_t VALUES ('S','C02','20020803','K06','K09','2','1');
INSERT INTO schedule_t VALUES ('S','E02','20020804','K10','K02','0','3');
INSERT INTO schedule_t VALUES ('S','D03','20020804','K05','K04','2','1');
INSERT INTO schedule_t VALUES ('S','B01','20020811','K04','K02','0','2');
INSERT INTO schedule_t VALUES ('S','B05','20020811','K09','K05','0','1');
INSERT INTO schedule_t VALUES ('S','C06','20020811','K03','K08','2','0');
INSERT INTO schedule_t VALUES ('S','D01','20020811','K07','K10','1','1');
INSERT INTO schedule_t VALUES ('S','D03','20020818','K05','K01','0','2');
INSERT INTO schedule_t VALUES ('S','C02','20020818','K06','K03','3','1');
INSERT INTO schedule_t VALUES ('S','B01','20020818','K04','K07','1','0');
INSERT INTO schedule_t VALUES ('S','B04','20020818','K02','K09','1','2');
INSERT INTO schedule_t VALUES ('S','B02','20020818','K08','K10','3','1');
INSERT INTO schedule_t VALUES ('S','B04','20020824','K02','K01','1','1');
INSERT INTO schedule_t VALUES ('S','D03','20020824','K05','K03','3','3');
INSERT INTO schedule_t VALUES ('S','B02','20020824','K08','K06','4','3');
INSERT INTO schedule_t VALUES ('S','E02','20020825','K10','K04','1','1');
INSERT INTO schedule_t VALUES ('S','B05','20020825','K09','K07','1','1');
INSERT INTO schedule_t VALUES ('S','C06','20020828','K03','K02','0','0');
INSERT INTO schedule_t VALUES ('S','C02','20020828','K06','K05','1','1');
INSERT INTO schedule_t VALUES ('S','B01','20020828','K04','K08','2','3');
INSERT INTO schedule_t VALUES ('S','B05','20020828','K09','K10','2','0');
INSERT INTO schedule_t VALUES ('S','E02','20020901','K10','K01','2','3');
INSERT INTO schedule_t VALUES ('S','D01','20020901','K07','K03','0','1');
INSERT INTO schedule_t VALUES ('S','B04','20020901','K02','K06','1','1');
INSERT INTO schedule_t VALUES ('S','D03','20020901','K05','K08','3','3');
INSERT INTO schedule_t VALUES ('S','B01','20020901','K04','K09','2','1');
INSERT INTO schedule_t VALUES ('S','D01','20020911','K07','K05','','');
INSERT INTO schedule_t VALUES ('S','B05','20020911','K09','K01','','');
INSERT INTO schedule_t VALUES ('S','B04','20020911','K02','K08','','');
INSERT INTO schedule_t VALUES ('S','B01','20020911','K04','K03','','');
INSERT INTO schedule_t VALUES ('S','E02','20020911','K10','K06','','');
INSERT INTO schedule_t VALUES ('S','C02','20020914','K06','K04','','');
INSERT INTO schedule_t VALUES ('S','C06','20020914','K03','K09','','');
INSERT INTO schedule_t VALUES ('S','B02','20020914','K08','K01','','');
INSERT INTO schedule_t VALUES ('S','D01','20020914','K07','K02','','');
INSERT INTO schedule_t VALUES ('S','D03','20020915','K05','K10','','');
INSERT INTO schedule_t VALUES ('S','E02','20020918','K10','K02','','');
INSERT INTO schedule_t VALUES ('S','B02','20020918','K08','K07','','');
INSERT INTO schedule_t VALUES ('S','B05','20020918','K09','K06','','');
INSERT INTO schedule_t VALUES ('S','D03','20020918','K05','K04','','');
INSERT INTO schedule_t VALUES ('S','B04','20020925','K02','K10','','');
INSERT INTO schedule_t VALUES ('S','C06','20020925','K03','K01','','');
INSERT INTO schedule_t VALUES ('S','B01','20020925','K04','K05','','');
INSERT INTO schedule_t VALUES ('S','D01','20020925','K07','K08','','');
INSERT INTO schedule_t VALUES ('S','B05','20020925','K09','K06','','');
INSERT INTO schedule_t VALUES ('S','D01','20021019','K07','K02','','');
INSERT INTO schedule_t VALUES ('S','C06','20021019','K03','K09','','');
INSERT INTO schedule_t VALUES ('S','E02','20021020','K10','K05','','');
INSERT INTO schedule_t VALUES ('S','C02','20021020','K06','K04','','');
INSERT INTO schedule_t VALUES ('S','C06','20021023','K03','K04','','');
INSERT INTO schedule_t VALUES ('S','D03','20021023','K05','K07','','');
INSERT INTO schedule_t VALUES ('S','C02','20021023','K06','K10','','');
INSERT INTO schedule_t VALUES ('S','B02','20021023','K08','K02','','');
INSERT INTO schedule_t VALUES ('S','D01','20021026','K07','K06','','');
INSERT INTO schedule_t VALUES ('S','E02','20021027','K10','K03','','');
INSERT INTO schedule_t VALUES ('S','B01','20021027','K04','K01','','');
INSERT INTO schedule_t VALUES ('S','B05','20021027','K09','K08','','');
INSERT INTO schedule_t VALUES ('S','B04','20021027','K02','K05','','');
INSERT INTO schedule_t VALUES ('S','B04','20021030','K02','K04','','');
INSERT INTO schedule_t VALUES ('S','E02','20021030','K10','K08','','');
INSERT INTO schedule_t VALUES ('S','C06','20021102','K03','K07','','');
INSERT INTO schedule_t VALUES ('S','B05','20021103','K09','K04','','');
INSERT INTO schedule_t VALUES ('S','C02','20021103','K06','K02','','');
INSERT INTO schedule_t VALUES ('S','B02','20021103','K08','K05','','');
INSERT INTO schedule_t VALUES ('S','D03','20021106','K05','K06','','');
INSERT INTO schedule_t VALUES ('S','D01','20021106','K07','K01','','');
INSERT INTO schedule_t VALUES ('S','E02','20021106','K10','K09','','');
INSERT INTO schedule_t VALUES ('S','B01','20021106','K04','K08','','');
INSERT INTO schedule_t VALUES ('S','B04','20021106','K02','K03','','');
INSERT INTO schedule_t VALUES ('S','C06','20021109','K03','K05','','');
INSERT INTO schedule_t VALUES ('S','B05','20021110','K09','K07','','');
INSERT INTO schedule_t VALUES ('S','B01','20021110','K04','K10','','');
INSERT INTO schedule_t VALUES ('S','B02','20021110','K08','K06','','');
INSERT INTO schedule_t VALUES ('S','D01','20021113','K07','K04','','');
INSERT INTO schedule_t VALUES ('S','C02','20021113','K06','K03','','');
INSERT INTO schedule_t VALUES ('S','B04','20021113','K02','K09','','');
INSERT INTO schedule_t VALUES ('S','D03','20021113','K05','K01','','');
INSERT INTO schedule_t VALUES ('S','B05','20021117','K09','K05','','');
INSERT INTO schedule_t VALUES ('S','E02','20021117','K10','K07','','');
INSERT INTO schedule_t VALUES ('S','C06','20021117','K03','K08','','');
INSERT INTO schedule_t VALUES ('S','B01','20021117','K04','K02','','');
INSERT INTO schedule_t VALUES ('A','C04','20020508','K01','K08','1','3');
INSERT INTO schedule_t VALUES ('S','C04','20020713','K01','K05','0','0');
INSERT INTO schedule_t VALUES ('S','C04','20020720','K01','K10','0','0');
INSERT INTO schedule_t VALUES ('S','C04','20020724','K01','K04','1','1');
INSERT INTO schedule_t VALUES ('S','C04','20020803','K01','K03','3','0');
INSERT INTO schedule_t VALUES ('S','C04','20020811','K01','K06','0','0');
INSERT INTO schedule_t VALUES ('S','C04','20020828','K01','K07','0','1');
INSERT INTO schedule_t VALUES ('S','C04','20020918','K01','K03','','');
INSERT INTO schedule_t VALUES ('S','C04','20021019','K01','K08','','');
INSERT INTO schedule_t VALUES ('S','C04','20021023','K01','K09','','');
INSERT INTO schedule_t VALUES ('S','C04','20021102','K01','K10','','');
INSERT INTO schedule_t VALUES ('S','C04','20021110','K01','K02','','');
INSERT INTO schedule_t VALUES ('S','C04','20021117','K01','K06','','');
INSERT INTO schedule_t VALUES ('A','C06','20020317','K03','K02','1','2');
INSERT INTO schedule_t VALUES ('A','B02','20020317','K08','K04','6','0');
INSERT INTO schedule_t VALUES ('A','E01','20020317','K10','K06','2','1');
INSERT INTO schedule_t VALUES ('A','C03','20020317','K01','K09','2','2');
INSERT INTO schedule_t VALUES ('A','D01','20020320','K07','K01','1','2');
INSERT INTO schedule_t VALUES ('A','D02','20020320','K05','K03','1','0');
INSERT INTO schedule_t VALUES ('A','B03','20020320','K02','K08','2','3');
INSERT INTO schedule_t VALUES ('A','B05','20020320','K09','K10','2','0');
INSERT INTO schedule_t VALUES ('A','B03','20020323','K02','K05','2','0');
INSERT INTO schedule_t VALUES ('A','C02','20020324','K06','K01','1','2');
INSERT INTO schedule_t VALUES ('A','B01','20020324','K04','K03','1','1');
INSERT INTO schedule_t VALUES ('A','B05','20020324','K09','K07','1','0');
INSERT INTO schedule_t VALUES ('A','D01','20020327','K07','K06','2','1');
INSERT INTO schedule_t VALUES ('A','C06','20020327','K03','K08','1','0');
INSERT INTO schedule_t VALUES ('A','C03','20020327','K01','K10','0','1');
INSERT INTO schedule_t VALUES ('A','D02','20020406','K05','K04','3','2');
INSERT INTO schedule_t VALUES ('A','B01','20020410','K04','K02','2','0');
INSERT INTO schedule_t VALUES ('A','B02','20020410','K08','K05','2','1');
INSERT INTO schedule_t VALUES ('A','E01','20020410','K10','K07','1','1');
INSERT INTO schedule_t VALUES ('A','C02','20020410','K06','K09','1','4');
INSERT INTO schedule_t VALUES ('A','C01','20020414','K10','K01','0','2');
INSERT INTO schedule_t VALUES ('A','B02','20020414','K08','K03','1','1');
INSERT INTO schedule_t VALUES ('A','B01','20020414','K04','K05','1','0');
INSERT INTO schedule_t VALUES ('A','C02','20020414','K06','K07','2','0');
INSERT INTO schedule_t VALUES ('A','D02','20020420','K05','K08','2','2');
INSERT INTO schedule_t VALUES ('A','D01','20020420','K07','K10','0','1');
INSERT INTO schedule_t VALUES ('A','B03','20020421','K02','K04','3','2');
INSERT INTO schedule_t VALUES ('A','B05','20020421','K09','K06','1','0');
INSERT INTO schedule_t VALUES ('A','B02','20020424','K08','K02','1','1');
INSERT INTO schedule_t VALUES ('A','C06','20020424','K03','K05','1','2');
INSERT INTO schedule_t VALUES ('A','C03','20020424','K01','K07','1','2');
INSERT INTO schedule_t VALUES ('A','E01','20020424','K10','K09','1','3');
INSERT INTO schedule_t VALUES ('A','C06','20020427','K03','K04','0','3');
INSERT INTO schedule_t VALUES ('A','C03','20020427','K01','K06','5','2');
INSERT INTO schedule_t VALUES ('A','D01','20020427','K07','K09','0','1');
INSERT INTO schedule_t VALUES ('A','D02','20020428','K05','K02','1','2');
INSERT INTO schedule_t VALUES ('A','B05','20020501','K09','K01','0','0');
INSERT INTO schedule_t VALUES ('A','B03','20020501','K02','K03','1','2');
INSERT INTO schedule_t VALUES ('A','B01','20020501','K04','K08','2','2');
INSERT INTO schedule_t VALUES ('S','D02','20020904','K05','K02','1','2');
INSERT INTO schedule_t VALUES ('S','B02','20020904','K08','K09','1','0');
INSERT INTO schedule_t VALUES ('S','C05','20020904','K01','K04','2','2');
INSERT INTO schedule_t VALUES ('S','C06','20020904','K03','K10','0','0');
INSERT INTO schedule_t VALUES ('S','C02','20020904','K06','K07','2','2');

commit;


